Descriptor ID,Fitness,Model,R2,Q2,R2Pred_Validation,R2Pred_Test
"[62, 71, 125, 172, 186, 280, 372]",1.21,MLR,0.12,-0.34,-0.23,-0.16
"[16, 123, 131, 283, 289, 313, 318]",1.24,MLR,0.26,-0.09,-0.81,0.01
"[62, 85, 104, 238, 376]",0.98,MLR,0.06,-0.16,-0.04,-0.38
"[6, 16, 17, 296, 313, 332]",1.34,MLR,0.13,-0.9,-0.67,-0.59
"[37, 100, 134, 172, 260, 286, 321]",1.0,MLR,0.31,0.07,0.17,0.22
"[13, 21, 112, 159, 170, 175, 188, 310, 311, 313, 357, 382]",1.71,MLR,0.48,-0.3,-0.1,0.06
"[98, 115, 125, 350]",0.98,MLR,0.08,-0.1,-0.51,-0.42
"[17, 24, 277]",0.85,MLR,0.13,0.01,-0.19,0.16
"[84, 133, 301, 325, 378]",1.02,MLR,0.14,-0.17,-0.23,-0.43
"[92, 154, 220, 368, 373]",0.99,MLR,0.18,-0.03,-0.29,-0.59
"[4, 168, 186, 372, 375]",1.06,MLR,0.04,-0.25,-0.39,-0.33
"[131, 143, 145, 159, 221, 243, 258, 354, 369]",1.42,MLR,0.2,-0.17,-0.63,-0.65
"[83, 95, 120, 133, 227, 260]",1.0,MLR,0.34,-0.05,0.05,-0.07
"[16, 97, 100, 129, 130, 134, 172, 214, 250, 308, 355]",2.17,MLR,0.23,-0.95,-1.94,-1.31
"[126, 319, 333, 357]",1.24,MLR,0.08,-1.35,-0.4,-0.6
"[16, 203, 240, 255, 322, 357]",1.02,MLR,0.12,-0.22,0.2,0.25
"[13, 76, 88, 122, 131, 214, 224, 240, 363, 379]",1.73,MLR,0.34,-0.73,-0.73,-0.42
"[46, 123, 250, 275, 323, 336, 377]",1.18,MLR,0.17,-0.13,-0.39,-0.37
"[45, 83, 103, 175, 179, 182, 346]",1.15,MLR,0.23,-0.18,-0.13,-0.63
"[24, 32, 60, 135, 208, 334]",1.19,MLR,0.14,-0.28,-0.66,-0.92
"[21, 40, 89, 153, 176, 232, 239]",1.2,MLR,0.11,-0.25,-0.33,-0.52
"[29, 70, 109, 284]",0.94,MLR,0.06,-0.11,-0.24,-0.26
"[0, 11, 41, 133, 204, 372]",1.11,MLR,0.18,-0.14,-0.4,-0.27
"[37, 73, 95, 317, 370]",1.01,MLR,0.24,-0.14,-0.24,-0.08
"[192, 291, 292, 293, 360]",1.03,MLR,0.1,-0.1,-0.4,-0.93
"[12, 157, 204, 220, 239, 250, 347, 367]",1.26,MLR,0.2,-0.31,-0.07,0.13
"[23, 35, 63, 179, 289]",1.07,MLR,0.18,-0.12,-0.61,-0.54
"[127, 141, 142, 170, 179, 220]",0.85,MLR,0.56,0.33,0.16,0.52
"[10, 33, 88, 142, 158, 208, 261, 275, 306]",1.41,MLR,0.17,-0.23,-0.48,-0.72
"[78, 140, 142, 148, 283, 370]",1.2,MLR,0.21,-0.02,-1.21,-0.56
"[122, 230, 259, 290, 318]",0.95,MLR,0.11,-0.13,0.11,-0.25
"[33, 91, 117, 273, 310, 340, 356]",1.33,MLR,0.31,0.08,-1.62,-1.81
"[111, 170, 175, 242, 248, 302, 310, 312]",1.11,MLR,0.5,0.29,-0.36,-2.05
"[84, 145, 238, 245, 249, 253, 338]",1.19,MLR,0.29,0.07,-0.79,-1.92
"[4, 149, 173, 225, 311, 335, 343, 360]",1.27,MLR,0.1,-0.34,-0.08,-0.59
"[127, 230, 274]",0.81,MLR,0.09,-0.11,0.25,-0.29
"[72, 82, 88, 129, 153, 199, 260, 307, 320]",2.02,MLR,0.4,-2.91,0.28,-0.27
"[313, 342, 367]",0.86,MLR,0.04,-0.09,-0.1,0.02
"[54, 64, 144, 234, 274, 280, 357, 363]",1.36,MLR,0.22,-0.44,-0.41,-0.46
"[72, 160, 237, 238, 252, 302, 340]",1.15,MLR,0.02,-0.29,0.04,-0.0
"[12, 41, 94, 101, 161, 259, 267, 289, 312, 363, 368]",2.45,MLR,0.36,-3.18,0.07,-0.71
"[24, 62, 69, 103, 172, 181, 279]",1.23,MLR,0.29,0.01,-0.93,-0.43
"[190, 254, 284, 289, 305, 377]",1.41,MLR,0.02,-1.69,0.11,0.13
"[76, 179, 186, 232, 305, 335, 340]",1.28,MLR,0.32,-0.12,-1.01,-1.37
"[23, 40, 237, 264, 270, 373]",1.05,MLR,0.31,-0.13,-0.08,-0.08
"[25, 122, 162, 203, 217, 265, 274, 314]",1.26,MLR,0.15,-0.26,-0.15,-0.17
"[158, 196, 231]",0.86,MLR,0.01,-0.14,0.03,0.02
"[19, 84, 107, 162]",0.9,MLR,0.19,0.06,-0.22,-0.29
"[29, 108, 114, 202, 339, 362]",1.18,MLR,0.18,-0.03,-1.03,-0.85
"[99, 219, 275]",0.85,MLR,0.09,-0.06,-0.05,-0.23
"[127, 230, 274]",0.81,MLR,0.09,-0.11,0.25,-0.29
"[254, 271, 353, 381]",1.03,MLR,0.05,-0.2,-0.71,-0.31
"[2, 110, 131, 135, 306]",0.93,MLR,0.16,-0.04,0.09,0.09
"[31, 97, 107, 153, 157, 256, 265]",1.11,MLR,0.19,-0.23,0.16,0.24
"[37, 66, 339]",0.86,MLR,0.03,-0.16,0.07,0.02
"[0, 24, 48, 85, 87, 206, 271, 304, 305]",1.36,MLR,0.3,-0.06,-0.52,-0.37
"[49, 76, 167, 314, 316, 369]",1.04,MLR,0.22,-0.04,-0.2,0.13
"[167, 187, 256, 265, 273, 357]",1.02,MLR,0.23,-0.06,-0.05,-0.08
"[10, 20, 252, 276, 313, 330]",1.02,MLR,0.09,-0.2,0.22,-0.01
"[35, 74, 114, 260, 262, 318, 321, 338]",1.32,MLR,0.36,-0.52,-0.06,-0.28
"[65, 67, 90, 113]",0.9,MLR,0.03,-0.18,0.12,0.06
"[161, 218, 246, 261]",0.9,MLR,0.08,-0.11,0.01,0.12
"[23, 50, 53, 72, 193, 242, 324]",1.25,MLR,0.18,-0.11,-0.82,-0.47
"[7, 39, 111, 240]",0.96,MLR,0.11,-0.12,-0.3,-1.51
"[23, 96, 131, 236, 290, 291, 302, 368]",1.21,MLR,0.21,-0.12,-0.14,0.07
"[5, 206, 244, 267, 274, 359]",1.05,MLR,0.26,-0.09,-0.16,0.02
"[201, 238, 267]",0.84,MLR,0.13,-0.05,-0.05,0.16
"[71, 98, 102, 144, 179, 288, 324]",1.43,MLR,0.2,-0.83,-0.74,-0.42
"[21, 35, 229, 324, 349, 371]",1.08,MLR,0.12,-0.14,-0.26,-0.27
"[16, 261, 300, 364, 366]",0.98,MLR,0.12,-0.16,-0.03,-0.02
"[208, 301, 340]",0.85,MLR,0.04,-0.1,-0.01,-0.21
"[50, 148, 158, 225, 250, 252]",1.09,MLR,0.13,-0.13,-0.32,0.01
"[59, 86, 129, 291, 342]",0.95,MLR,0.05,-0.16,0.18,-0.24
"[80, 95, 130, 162, 361]",0.98,MLR,0.05,-0.25,0.16,-0.03
"[24, 33, 37, 42, 78, 88, 94, 141, 282, 333]",2.15,MLR,0.36,-2.41,-0.43,-1.14
"[174, 291, 322]",0.85,MLR,0.07,-0.12,0.06,-0.86
"[63, 202, 207, 255]",0.93,MLR,0.17,-0.03,-0.26,-0.48
"[58, 200, 204, 250, 259]",0.96,MLR,0.15,-0.15,0.07,-0.07
"[33, 39, 49, 77, 83, 100, 154, 187, 256, 262, 347, 378, 379]",2.21,MLR,0.57,-0.57,-1.03,-0.18
"[8, 15, 95, 111, 154, 216, 378]",1.34,MLR,0.05,-0.3,-1.08,-1.44
"[31, 231, 302]",0.86,MLR,0.03,-0.14,-0.01,-0.08
"[40, 47, 290, 295, 349]",1.05,MLR,0.08,-0.25,-0.29,-0.32
"[15, 28, 168, 210, 270, 316, 325]",1.11,MLR,0.21,-0.2,0.11,-0.04
"[44, 136, 181, 341, 384]",0.96,MLR,0.05,-0.19,0.16,-0.06
"[17, 87, 119, 222, 306, 309, 344, 359]",1.26,MLR,0.31,0.09,-0.75,-0.67
"[47, 95, 267, 312, 334]",0.91,MLR,0.22,-0.1,0.3,0.45
"[137, 156, 165, 230, 255, 262, 273, 285, 337]",1.71,MLR,0.28,-0.37,-1.9,-1.38
"[56, 116, 215, 251]",2.62,MLR,0.09,-0.19,-20.87,-255.87
"[3, 5, 190, 200, 216, 305]",1.16,MLR,0.24,-0.01,-0.98,-0.9
"[141, 233, 243, 360]",0.88,MLR,0.16,0.01,-0.05,0.12
"[71, 95, 103, 182, 197, 277, 287, 304, 318]",1.39,MLR,0.38,0.12,-0.97,-0.6
"[86, 234, 252]",0.88,MLR,0.01,-0.17,-0.08,-0.02
"[67, 71, 77, 144, 173]",0.94,MLR,0.09,-0.1,0.12,-0.48
"[5, 81, 84, 113, 231, 342, 368]",1.21,MLR,0.15,-0.14,-0.56,-0.51
"[23, 120, 196, 275]",0.91,MLR,0.1,-0.07,-0.08,-0.28
"[62, 71, 125, 172, 186, 280, 372]",1.21,MLR,0.12,-0.34,-0.23,-0.16
"[19, 122, 158, 177, 225, 327]",1.04,MLR,0.08,-0.17,0.04,0.2
"[53, 243, 301, 315, 369]",0.92,MLR,0.13,-0.09,0.22,-0.18
"[0, 36, 63, 112, 123, 152, 180, 314, 330]",1.36,MLR,0.41,0.04,-0.7,-0.26
"[4, 110, 111, 121, 227, 283, 322, 346, 356]",1.63,MLR,0.24,-0.25,-1.65,-0.86
"[25, 113, 114, 135, 153, 199]",1.09,MLR,0.13,-0.25,-0.13,-0.56
"[14, 61, 97, 158, 189, 255]",1.39,MLR,0.12,-1.4,-0.23,-0.03
"[89, 140, 153, 175, 278, 302, 311, 315, 350]",1.38,MLR,0.27,-0.16,-0.44,-1.08
"[16, 117, 239, 240, 321, 327]",1.12,MLR,0.21,-0.19,-0.39,0.25
"[0, 74, 97, 135, 294, 337, 355]",1.2,MLR,0.13,-0.14,-0.49,-0.99
"[21, 91, 130, 269, 347, 381]",1.02,MLR,0.13,-0.19,0.16,0.29
"[1, 43, 90, 365]",1.01,MLR,0.03,-0.58,0.1,-0.04
"[14, 145, 227, 252, 318]",1.04,MLR,0.23,0.03,-0.72,-0.42
"[53, 76, 84, 111, 135, 313, 331]",1.36,MLR,0.18,-0.55,-0.76,-1.7
"[138, 140, 145]",0.83,MLR,0.22,0.1,-0.2,-0.14
"[48, 74, 95, 158, 249, 278, 301]",1.17,MLR,0.27,0.0,-0.58,-0.77
"[102, 105, 158]",0.84,MLR,0.06,-0.1,0.04,-0.01
"[4, 16, 99, 145, 191, 228, 378]",1.07,MLR,0.31,0.1,-0.2,0.21
"[138, 146, 300, 341, 379]",1.02,MLR,0.07,-0.21,-0.15,-0.16
"[197, 208, 226, 297, 347]",0.96,MLR,0.13,-0.13,0.08,-0.06
"[39, 76, 94, 254, 318, 372]",1.58,MLR,0.1,-2.46,0.04,-0.07
"[89, 90, 97, 188, 222, 339, 354, 361]",1.34,MLR,0.23,-0.08,-0.9,-0.69
"[42, 95, 241, 261, 328]",1.08,MLR,0.21,-0.02,-0.87,-0.57
"[138, 163, 303, 315]",0.83,MLR,0.24,0.08,0.13,0.03
"[145, 152, 276, 295, 360]",0.95,MLR,0.23,0.02,-0.12,-0.28
"[7, 123, 145, 176, 329, 383]",1.09,MLR,0.32,0.09,-0.67,-0.64
"[9, 94, 97, 98, 164, 309, 332]",1.26,MLR,0.36,-0.03,-1.03,-1.1
"[2, 123, 200, 249, 285]",2.67,MLR,0.18,-0.02,-19.3,-21.35
"[63, 129, 149, 196, 239, 252]",1.19,MLR,0.12,-0.3,-0.66,-0.39
"[112, 168, 205]",0.85,MLR,0.03,-0.16,0.1,-0.16
"[34, 149, 325, 344, 370]",1.12,MLR,0.14,-0.02,-1.17,-1.88
"[13, 16, 87, 133, 216, 283]",1.1,MLR,0.2,-0.08,-0.44,-0.27
"[38, 77, 139, 251, 277, 325, 328]",2.82,MLR,0.2,-0.14,-15.95,-156.54
"[89, 332, 348]",0.85,MLR,0.02,-0.11,0.05,-0.08
"[163, 219, 272, 286, 298, 305, 313]",1.1,MLR,0.17,-0.08,-0.07,-0.61
"[2, 4, 88, 93, 110, 172, 298, 331, 336]",1.35,MLR,0.24,-0.27,-0.12,-0.38
"[29, 149, 170, 264, 278, 346]",1.0,MLR,0.35,0.02,-0.06,-0.37
"[91, 177, 244, 301, 325]",0.96,MLR,0.1,-0.17,0.14,0.18
"[200, 258, 279, 315]",0.86,MLR,0.14,-0.01,0.1,-0.16
"[45, 84, 155, 161, 169, 170, 252, 292, 343, 375]",1.47,MLR,0.37,-0.19,-0.35,-0.37
"[138, 144, 162, 191, 249, 308]",1.1,MLR,0.26,-0.04,-0.54,-0.56
"[2, 22, 65, 171, 178, 204, 274, 309, 323]",1.14,MLR,0.51,0.16,0.09,0.53
"[16, 48, 53, 62, 63, 282, 333]",1.37,MLR,0.17,-0.42,-1.04,-0.16
"[9, 68, 90, 110, 152, 193, 258, 277, 289, 325]",1.36,MLR,0.32,-0.03,-0.12,-0.11
"[77, 232, 371]",0.86,MLR,0.07,-0.08,-0.1,-0.14
"[24, 32, 60, 135, 208, 334]",1.19,MLR,0.14,-0.28,-0.66,-0.92
"[60, 107, 261, 323]",0.91,MLR,0.09,-0.09,-0.08,-0.07
"[149, 152, 158, 160, 287]",0.92,MLR,0.19,0.01,0.03,-0.18
"[108, 115, 133, 218, 295, 345, 350]",1.27,MLR,0.15,-0.17,-0.85,-0.98
"[14, 19, 121, 181, 262, 286, 331]",1.09,MLR,0.41,0.12,-0.32,0.45
"[123, 258, 295, 344, 372, 380]",1.1,MLR,0.09,-0.25,-0.17,-0.21
"[15, 19, 53, 185]",0.94,MLR,0.07,-0.11,-0.2,0.0
"[22, 34, 47, 82, 100, 134, 160, 175, 236, 256, 320, 333, 363, 364]",2.7,MLR,0.35,-1.05,-1.39,-1.86
"[0, 122, 236, 382]",0.89,MLR,0.05,-0.12,0.1,0.11
"[172, 227, 270]",0.82,MLR,0.13,-0.01,0.03,-0.11
"[28, 74, 127, 171, 238, 265, 320]",1.02,MLR,0.49,0.32,-0.34,0.26
"[35, 39, 85, 154, 168, 192, 257, 262, 264, 289]",1.56,MLR,0.43,-0.86,0.36,-0.14
"[41, 50, 75, 124, 220, 238, 287, 307, 331, 334, 370]",1.76,MLR,0.29,-0.25,-1.02,-1.2
"[8, 47, 119, 134, 144, 160, 205, 223, 324, 365]",1.6,MLR,0.18,-0.2,-0.93,-0.95
"[19, 126, 174, 269, 278]",0.94,MLR,0.22,-0.02,-0.02,-0.06
"[6, 64, 214, 283, 291, 349]",1.23,MLR,0.18,-0.05,-1.34,-1.11
"[40, 106, 122, 206, 250, 260, 297]",1.09,MLR,0.43,0.13,-0.37,-0.29
"[25, 44, 56, 95, 171, 195, 248, 295, 300]",1.2,MLR,0.46,0.15,-0.16,0.4
"[24, 59, 142, 216, 240, 262, 279, 283, 299, 341]",1.46,MLR,0.36,-0.32,-0.06,-0.14
"[70, 106, 112, 205, 258, 259, 281]",1.19,MLR,0.1,-0.27,-0.21,-0.03
"[16, 64, 145, 182, 191, 287, 360]",1.23,MLR,0.35,0.04,-0.98,0.19
"[18, 21, 34, 73, 96, 127, 166, 237, 261, 267, 276, 320, 363, 365]",2.01,MLR,0.48,-0.09,-0.41,-0.07
"[74, 156, 180, 185, 280, 299, 335, 380]",1.3,MLR,0.47,0.05,-0.91,-0.41
"[96, 280, 316, 357]",0.93,MLR,0.03,-0.14,-0.12,-0.18
"[261, 320, 331]",0.86,MLR,0.09,-0.05,-0.17,-0.22
"[41, 89, 169, 252, 266, 288, 363, 382]",1.27,MLR,0.18,-0.39,0.02,-0.48
"[85, 89, 146, 254]",0.9,MLR,0.04,-0.18,0.14,-0.37
"[25, 139, 143, 197, 268, 269, 271, 304]",1.23,MLR,0.2,-0.25,-0.02,0.05
"[45, 56, 133, 214, 380]",0.94,MLR,0.12,-0.08,0.09,-0.22
"[11, 54, 76, 187, 201, 242, 245, 308, 339, 349]",1.64,MLR,0.42,-0.92,0.06,-0.42
"[55, 96, 186, 238, 283, 293, 316]",1.28,MLR,0.14,-0.16,-0.91,-0.84
"[58, 66, 74, 83, 147, 216]",1.05,MLR,0.11,-0.14,-0.05,-0.12
"[16, 17, 104, 311, 339]",1.0,MLR,0.13,-0.13,-0.16,0.23
"[79, 232, 304, 350]",0.93,MLR,0.05,-0.16,-0.06,-0.24
"[237, 253, 363]",0.88,MLR,0.09,-0.08,-0.27,-0.79
"[22, 57, 58, 59, 108, 176, 198, 217, 228, 291, 308, 331, 359, 366]",2.39,MLR,0.39,-0.77,-0.6,-2.08
"[30, 89, 205, 258, 297, 316, 358, 364]",1.32,MLR,0.14,-0.29,-0.42,-0.33
"[22, 118, 171, 227, 345, 365]",1.0,MLR,0.35,0.08,-0.19,0.3
"[71, 84, 115, 295]",0.93,MLR,0.09,-0.12,-0.15,-0.22
"[4, 227, 256, 268, 347]",1.07,MLR,0.17,-0.34,-0.3,-0.48
"[59, 83, 94, 135, 223, 236, 282, 318]",1.36,MLR,0.23,-0.69,0.02,-0.27
"[44, 118, 189, 225, 296, 300]",2.41,MLR,0.18,-7.44,-0.62,-0.49
"[45, 75, 239, 285]",2.03,MLR,0.05,-0.14,-11.47,-11.6
"[4, 76, 134, 140, 182]",1.0,MLR,0.14,-0.18,-0.07,-0.04
"[6, 30, 197, 199, 247]",1.09,MLR,0.14,-0.04,-0.89,-0.92
"[126, 319, 333, 357]",1.24,MLR,0.08,-1.35,-0.4,-0.6
"[12, 160, 165, 256, 289, 380]",0.96,MLR,0.21,-0.07,0.28,-0.05
"[0, 23, 70, 93, 102, 145, 260, 305, 306, 345, 367, 375]",2.17,MLR,0.41,-1.19,-0.64,-0.29
"[127, 180, 241, 292, 304]",1.0,MLR,0.06,-0.18,-0.13,-0.33
"[33, 68, 210, 352]",0.95,MLR,0.09,-0.21,-0.09,-0.35
"[77, 114, 140, 223, 236, 270, 278, 316]",1.29,MLR,0.24,-0.13,-0.52,-0.75
"[86, 123, 133, 138, 286, 347]",1.11,MLR,0.17,-0.05,-0.61,-0.56
"[55, 112, 122, 167, 226, 299, 331]",1.13,MLR,0.14,-0.19,-0.05,0.28
"[27, 172, 206, 221, 249, 255, 337, 355]",1.3,MLR,0.3,-0.18,-0.49,-0.17
"[16, 99, 191, 277, 286, 317]",1.05,MLR,0.33,0.18,-0.6,0.18
"[126, 155, 278, 300, 303, 328, 348, 369]",1.37,MLR,0.29,-0.03,-1.13,-1.55
"[41, 192, 225, 281, 327, 344, 345]",1.43,MLR,0.17,-0.16,-1.93,-1.07
"[159, 185, 230, 287, 293]",1.07,MLR,0.08,-0.38,-0.24,0.23
"[54, 56, 91, 117, 169, 184, 196, 264, 298, 336]",1.41,MLR,0.38,-0.38,0.23,0.32
"[23, 139, 322, 332, 350]",1.27,MLR,0.03,-1.22,-0.25,-0.29
"[21, 77, 99, 364]",0.9,MLR,0.06,-0.12,0.05,-0.13
"[123, 244, 358, 371]",0.89,MLR,0.1,-0.1,0.09,0.18
"[58, 80, 96, 145, 311]",1.05,MLR,0.16,-0.07,-0.57,0.01
"[0, 2, 105, 179, 224, 243, 254, 302]",1.23,MLR,0.13,-0.22,-0.08,-0.15
"[35, 224, 317, 347]",0.91,MLR,0.03,-0.18,0.12,0.03
"[30, 140, 157, 158, 272, 300, 351, 374]",1.28,MLR,0.21,-0.25,-0.27,-0.16
"[0, 100, 103, 248, 315, 348, 371]",1.22,MLR,0.26,-0.18,-0.53,-0.28
"[28, 103, 145, 174, 225, 283, 303, 368]",1.2,MLR,0.23,-0.1,-0.13,-0.23
"[71, 79, 110, 150, 154, 273, 366]",1.13,MLR,0.3,0.06,-0.43,-0.94
"[5, 26, 86, 216]",1.21,MLR,0.05,-0.57,-1.49,-1.38
"[33, 55, 165, 296]",0.94,MLR,0.08,-0.14,-0.16,-0.03
"[12, 59, 96, 140, 332, 343, 346]",1.16,MLR,0.11,-0.24,-0.12,-0.3
"[39, 119, 254, 332]",0.93,MLR,0.08,-0.11,-0.13,-0.73
"[74, 81, 163, 187, 337, 346, 348]",1.15,MLR,0.19,-0.2,-0.09,-0.08
"[9, 89, 138, 214, 235]",0.97,MLR,0.17,-0.01,-0.2,-0.28
"[115, 126, 222, 264]",0.87,MLR,0.25,0.05,-0.04,0.18
"[19, 31, 83, 108, 112, 116, 153, 312]",1.5,MLR,0.23,-0.22,-1.57,-1.3
"[25, 36, 52, 247, 282, 328]",1.25,MLR,0.15,-0.12,-1.36,-1.16
"[0, 266, 358, 373]",0.94,MLR,0.09,-0.15,-0.15,-0.26
"[85, 108, 222]",0.83,MLR,0.05,-0.11,0.13,-0.08
"[28, 65, 129, 150, 321]",1.05,MLR,0.05,-0.29,-0.23,-0.15
"[52, 55, 198, 306, 384]",0.99,MLR,0.12,-0.13,-0.09,-0.13
"[19, 212, 220, 282, 317, 339]",1.26,MLR,0.26,-0.31,-1.13,-0.99
"[12, 38, 116, 127, 145, 263, 354]",1.1,MLR,0.23,-0.01,-0.19,-0.27
"[69, 80, 94, 150, 241, 353]",1.15,MLR,0.25,-0.04,-0.85,-0.4
"[3, 8, 149, 231, 266, 336, 378]",1.29,MLR,0.13,-0.79,0.08,-0.1
"[9, 106, 127, 195, 223, 225, 271, 285, 352]",4.12,MLR,0.3,-0.01,-27.64,-35.18
"[69, 153, 342]",0.93,MLR,0.23,0.14,-0.99,-0.59
"[23, 28, 75, 129, 140, 237]",1.45,MLR,0.29,0.05,-3.1,-2.78
"[235, 253, 316, 338]",0.95,MLR,0.2,0.02,-0.48,-0.82
"[72, 160, 237, 238, 252, 302, 340]",1.15,MLR,0.02,-0.29,0.04,-0.0
"[173, 190, 256, 264, 365, 366]",1.37,MLR,0.27,-1.52,0.16,-0.09
"[37, 113, 139, 319]",0.89,MLR,0.13,-0.01,-0.09,-0.87
"[15, 36, 251, 280, 343]",2.84,MLR,0.14,-0.14,-21.92,-261.89
"[75, 188, 209, 232, 281, 350]",1.29,MLR,0.13,-0.18,-1.52,-0.58
"[28, 30, 40, 45, 131, 138, 266, 283]",1.2,MLR,0.26,-0.06,-0.19,-0.31
"[49, 95, 149, 178, 216, 346, 369]",1.13,MLR,0.07,-0.26,0.11,-0.25
"[54, 201, 203, 294, 299, 374]",1.13,MLR,0.16,-0.32,-0.23,-0.35
"[23, 50, 102, 108, 179, 332]",1.35,MLR,0.08,-0.22,-1.91,-1.07
"[11, 61, 97, 204, 216, 225, 321]",1.3,MLR,0.13,-0.25,-0.9,-0.63
"[94, 181, 188, 215, 318]",1.18,MLR,0.14,-0.76,-0.32,-0.41
"[2, 179, 188, 291, 367]",1.01,MLR,0.02,-0.26,-0.01,-0.29
"[186, 285, 316]",1.81,MLR,0.04,-0.1,-10.04,-10.05
"[0, 43, 76, 83, 118, 172, 259]",1.48,MLR,0.21,-1.36,-0.25,-0.64
"[51, 95, 125, 165, 222, 305]",0.97,MLR,0.16,-0.15,0.35,0.06
"[25, 64, 110, 156, 172, 204, 294, 295]",1.21,MLR,0.35,-0.16,-0.09,0.28
"[7, 17, 130, 142, 196]",1.16,MLR,0.07,-0.25,-1.05,-1.02
"[0, 67, 128, 219, 270, 317]",1.11,MLR,0.14,-0.33,-0.11,-0.22
"[159, 200, 260, 358]",0.89,MLR,0.29,0.08,-0.19,-0.29
"[185, 342, 362, 368]",0.92,MLR,0.07,-0.1,-0.11,-0.3
"[11, 95, 104, 115, 134, 318, 324]",1.19,MLR,0.21,-0.18,-0.37,-0.66
"[2, 20, 63, 67, 141, 244]",1.1,MLR,0.24,-0.05,-0.53,-0.44
"[18, 54, 71, 92, 94, 144, 157, 165, 186, 214, 223, 264, 317, 323, 344, 352, 369]",3.27,MLR,0.57,-0.7,-0.98,-0.06
"[49, 67, 123, 314, 352]",0.96,MLR,0.15,-0.06,-0.08,-0.12
"[13, 38, 68, 212, 291]",0.99,MLR,0.06,-0.25,0.05,-0.59
"[106, 175, 194, 266, 374]",0.99,MLR,0.19,-0.22,0.03,-0.3
"[14, 55, 126, 131, 185, 257]",1.08,MLR,0.21,-0.03,-0.46,0.22
"[2, 122, 127, 354, 362]",0.98,MLR,0.15,-0.05,-0.21,-0.0
"[39, 91, 199, 234, 287, 321]",1.2,MLR,0.06,-0.72,-0.0,-0.18
"[122, 256, 284, 341, 352]",0.96,MLR,0.14,-0.08,-0.02,-0.42
"[70, 93, 137, 193, 237, 324]",1.17,MLR,0.18,-0.06,-0.96,-0.89
"[45, 128, 131, 146, 149, 211, 247, 259, 328]",1.26,MLR,0.21,-0.27,0.28,0.11
"[55, 231, 245, 290]",0.96,MLR,0.02,-0.24,-0.14,0.07
"[99, 184, 204, 232]",0.94,MLR,0.03,-0.16,-0.15,0.11
"[12, 171, 174, 181, 182, 198, 322, 362]",1.25,MLR,0.42,-0.36,0.06,0.16
"[54, 66, 128, 219, 267, 272]",1.05,MLR,0.26,-0.09,-0.17,-0.11
"[81, 102, 136, 194, 196, 210, 318]",1.19,MLR,0.13,-0.45,0.09,-0.3
"[11, 65, 116, 154, 228]",0.96,MLR,0.15,-0.05,-0.07,0.32
"[4, 31, 32, 92, 205, 377]",1.01,MLR,0.21,-0.15,0.16,-0.4
"[29, 108, 150, 175, 222, 237, 256, 373, 381]",1.44,MLR,0.24,-0.33,-0.47,-1.31
"[89, 114, 209, 373]",0.95,MLR,0.04,-0.21,-0.09,-0.5
"[162, 172, 233, 255, 295, 302, 381]",1.09,MLR,0.2,-0.13,0.07,-0.36
"[25, 42, 52, 147, 231, 241, 268, 300, 328]",1.71,MLR,0.23,-0.36,-1.93,-2.1
"[21, 35, 79, 105, 107, 124, 247, 283, 335]",1.66,MLR,0.34,0.04,-2.3,-2.82
"[52, 176, 243, 291, 327, 360, 372]",1.13,MLR,0.1,-0.21,-0.0,-1.34
"[37, 73, 95, 317, 370]",1.01,MLR,0.24,-0.14,-0.24,-0.08
"[11, 68, 70, 239, 315]",0.93,MLR,0.12,-0.09,0.19,-0.13
"[124, 141, 174, 219, 262]",0.91,MLR,0.4,0.08,0.0,-0.04
"[25, 127, 128, 147, 193, 240, 326, 333, 335]",1.51,MLR,0.22,-0.42,-0.68,-0.35
"[84, 133, 141, 143, 181, 264, 268]",0.98,MLR,0.54,0.24,-0.03,0.17
"[78, 134, 186, 235, 263, 289, 311]",1.71,MLR,0.05,-2.44,-0.13,-0.27
"[47, 52, 155, 170, 218, 244, 278]",1.06,MLR,0.37,0.03,-0.03,0.14
"[17, 32, 128, 183, 224]",0.97,MLR,0.19,-0.0,-0.22,0.14
"[99, 110, 233, 311]",0.93,MLR,0.02,-0.19,-0.05,0.07
"[40, 59, 218, 261, 303]",0.94,MLR,0.15,-0.06,0.07,-0.11
"[67, 111, 218]",0.86,MLR,0.04,-0.15,-0.0,-0.87
"[42, 77, 114, 173, 218, 243]",1.03,MLR,0.12,-0.19,0.12,-0.31
"[7, 21, 87, 282, 321, 339]",1.18,MLR,0.1,-0.42,-0.41,-0.44
"[99, 190, 287, 336, 360]",1.02,MLR,0.05,-0.34,0.05,-0.09
"[225, 301, 330, 336]",0.99,MLR,0.04,-0.15,-0.51,-0.48
"[19, 139, 199, 239, 378]",0.98,MLR,0.12,-0.18,0.01,0.07
"[8, 68, 72, 188, 222, 242, 330]",1.61,MLR,0.14,-1.69,-0.64,-0.73
"[37, 122, 251, 313]",2.49,MLR,0.08,-0.1,-18.78,-232.35
"[188, 241, 255]",0.85,MLR,0.09,-0.06,-0.03,-0.25
"[30, 88, 241, 327, 353]",1.09,MLR,0.16,-0.03,-0.95,-0.81
"[16, 130, 231]",0.85,MLR,0.08,-0.09,-0.02,0.31
"[3, 187, 204, 224, 255]",0.92,MLR,0.29,0.07,-0.06,0.2
"[27, 63, 84, 101, 195, 267, 279, 283, 339, 345]",2.08,MLR,0.35,-2.01,-0.64,-0.66
"[95, 116, 126, 144, 182, 273, 290, 339, 345, 347]",1.55,MLR,0.22,-0.57,-0.07,-0.32
"[76, 86, 113, 138, 235, 271]",0.98,MLR,0.24,0.02,0.04,-0.09
"[168, 169, 285, 299, 305, 314, 362]",3.19,MLR,0.23,-0.09,-21.3,-23.54
"[81, 88, 212, 277, 354, 360]",1.2,MLR,0.09,-0.21,-0.84,-0.44
"[59, 75, 94, 127, 182, 252, 274, 303]",1.37,MLR,0.15,-0.66,-0.07,-0.35
"[52, 58, 81, 100, 130, 207, 366]",1.29,MLR,0.07,-0.39,-0.6,-0.62
"[178, 198, 221, 295]",0.94,MLR,0.13,-0.07,-0.27,-0.46
"[0, 25, 130, 230, 275, 290]",1.09,MLR,0.12,-0.1,-0.35,-0.51
"[60, 97, 137, 206, 281, 309, 319, 341, 352, 379]",1.58,MLR,0.14,-0.27,-0.73,-0.54
"[27, 49, 219, 290, 362]",1.02,MLR,0.07,-0.27,-0.08,-0.25
"[39, 59, 192, 217, 250, 313, 320]",1.14,MLR,0.29,0.01,-0.42,-0.13
"[73, 117, 215, 299, 302, 342]",1.13,MLR,0.13,-0.18,-0.46,-0.28
"[41, 64, 138, 181, 191, 298, 315]",1.06,MLR,0.29,0.0,0.03,0.08
"[29, 71, 158, 203, 357]",1.09,MLR,0.1,-0.12,-0.75,-0.94
"[108, 126, 196, 293, 318]",1.07,MLR,0.2,-0.02,-0.81,-0.18
"[68, 95, 135, 269, 293, 359, 364, 371, 384]",1.19,MLR,0.37,0.08,-0.0,0.03
"[184, 187, 344, 374]",0.91,MLR,0.08,-0.29,0.3,0.28
"[27, 68, 118, 122, 173, 190, 227, 247, 301]",1.34,MLR,0.28,-0.08,-0.39,-0.82
"[21, 84, 109, 134, 283, 381]",1.08,MLR,0.13,-0.15,-0.24,-0.26
"[2, 24, 111, 130, 158, 202, 203, 307]",1.44,MLR,0.36,0.1,-1.79,-3.77
"[6, 42, 67, 168]",1.01,MLR,0.12,-0.06,-0.79,-0.88
"[39, 75, 100, 156]",0.92,MLR,0.18,-0.03,-0.2,-0.06
"[37, 73, 95, 317, 370]",1.01,MLR,0.24,-0.14,-0.24,-0.08
"[204, 246, 313, 378]",0.85,MLR,0.18,-0.02,0.2,0.16
"[35, 40, 75, 87, 216, 244, 259, 354, 365]",1.82,MLR,0.01,-0.46,-2.49,-2.97
"[47, 84, 94, 192]",0.99,MLR,0.11,-0.19,-0.44,-0.39
"[56, 76, 77, 102, 151, 208, 335]",2.27,MLR,0.1,-5.11,-0.98,-0.79
"[73, 123, 142, 196, 221, 272, 331]",1.32,MLR,0.3,0.04,-1.51,-1.18
"[19, 99, 318]",0.85,MLR,0.13,-0.01,-0.17,-0.07
"[17, 104, 210, 270, 306, 326, 349, 376, 381]",1.39,MLR,0.09,-0.33,-0.22,-0.13
"[29, 83, 129, 142]",0.9,MLR,0.1,-0.08,-0.01,-0.02
"[1, 20, 79, 255, 264, 269, 330, 351]",1.12,MLR,0.37,-0.13,0.29,-0.01
"[65, 180, 260, 287, 290, 296, 340]",1.05,MLR,0.26,-0.02,0.1,0.01
"[66, 74, 219]",0.85,MLR,0.09,-0.05,-0.07,-0.06
"[0, 79, 125, 147, 222, 229, 286, 294, 345]",1.33,MLR,0.28,-0.02,-0.48,-0.94
"[14, 23, 112, 122, 132, 144, 173, 220, 232, 247, 340]",1.74,MLR,0.18,-0.42,-0.63,-0.38
"[68, 76, 269, 288, 290, 363]",1.16,MLR,0.25,-0.47,-0.21,0.06
"[12, 19, 55, 181, 204, 238, 332]",1.15,MLR,0.17,-0.13,-0.24,-0.12
"[33, 43, 85, 140, 173, 222, 360]",1.2,MLR,0.19,-0.39,-0.08,-0.96
"[15, 115, 126, 158, 170, 212, 271, 272, 328]",1.46,MLR,0.36,-0.15,-0.86,-0.38
"[34, 77, 87, 306, 312, 364]",1.13,MLR,0.32,0.02,-0.8,-0.98
"[21, 84, 115, 133, 197, 257, 329, 378]",1.27,MLR,0.21,-0.14,-0.4,-0.62
"[17, 133, 224, 269, 324, 355]",1.08,MLR,0.38,0.17,-0.78,-0.6
"[73, 125, 294, 332]",1.06,MLR,0.06,-0.54,-0.36,-0.42
"[14, 34, 189, 236, 253, 332]",1.5,MLR,0.4,0.04,-3.51,-6.28
"[180, 256, 307, 322]",0.92,MLR,0.13,-0.09,-0.15,-0.48
"[6, 59, 135, 168, 210, 217, 238, 339]",1.6,MLR,-0.23,-0.69,-1.49,-1.76
"[37, 74, 82, 247, 274, 312]",1.03,MLR,0.14,-0.08,-0.06,-0.04
"[17, 114, 161, 201, 214, 254]",1.0,MLR,0.3,0.11,-0.22,0.04
"[63, 81, 96]",0.87,MLR,0.04,-0.13,-0.07,-0.09
"[32, 35, 54, 71]",0.96,MLR,0.13,-0.01,-0.52,-0.45
"[54, 193, 207, 243, 302, 337]",1.2,MLR,0.2,-0.06,-1.13,-0.32
"[59, 123, 159, 188, 191, 207, 338]",1.15,MLR,0.3,0.03,-0.53,-0.49
"[162, 257, 269]",0.83,MLR,0.09,-0.1,0.11,0.07
"[14, 109, 111, 176, 184, 312, 377]",1.51,MLR,0.2,-1.42,-0.35,-0.16
"[33, 145, 205, 315, 341]",0.91,MLR,0.22,-0.04,0.23,0.1
"[6, 34, 144, 150, 208, 246, 285, 310, 353]",4.3,MLR,0.2,-0.2,-30.01,-40.02
"[72, 112, 134, 154, 260, 276, 286, 292, 307, 326]",1.58,MLR,0.4,-0.61,-0.13,-0.12
"[0, 3, 240, 267, 329, 352]",1.08,MLR,0.24,-0.03,-0.44,-0.18
"[117, 176, 191, 295, 319]",1.0,MLR,0.15,-0.1,-0.21,-0.25
"[56, 257, 284, 345]",0.89,MLR,0.14,-0.03,-0.03,-0.39
"[10, 47, 155, 321, 337]",0.96,MLR,0.09,-0.1,0.02,0.2
"[17, 60, 81, 299, 324]",0.99,MLR,0.16,-0.06,-0.24,0.03
"[188, 200, 228, 230, 239, 266]",1.11,MLR,0.25,-0.46,0.13,-0.07
"[90, 113, 136, 219, 234]",0.95,MLR,0.15,-0.08,0.06,-0.08
"[183, 187, 213, 303, 332]",1.05,MLR,0.14,-0.53,0.2,0.01
"[57, 102, 199, 342]",1.01,MLR,0.05,-0.49,-0.05,0.08
"[72, 82, 88, 129, 153, 199, 260, 307, 320]",2.02,MLR,0.4,-2.91,0.28,-0.27
"[83, 107, 115, 152, 164, 256, 328, 333, 335]",1.78,MLR,0.39,-1.71,-0.11,-0.1
"[45, 85, 175, 275, 288, 309, 362]",1.11,MLR,0.22,-0.12,-0.05,-0.74
"[117, 246, 368]",0.9,MLR,0.09,-0.09,-0.35,-0.46
"[9, 12, 113, 132, 138, 139, 266, 327]",1.36,MLR,0.17,-0.42,-0.42,-0.65
"[18, 94, 96, 100, 141, 183, 192, 217, 308]",1.27,MLR,0.42,0.19,-0.52,-0.51
"[31, 105, 123, 144, 181, 241, 266, 295, 316]",1.52,MLR,0.29,-0.13,-1.23,-0.49
"[75, 223, 299, 351]",0.98,MLR,0.17,-0.01,-0.63,-0.65
"[100, 121, 136, 204, 231, 242, 250, 281, 289, 324, 350]",2.04,MLR,0.28,-0.96,-1.23,-0.31
"[355, 365, 373, 383]",1.01,MLR,0.16,-0.01,-0.87,-0.54
"[1, 27, 32, 49, 82, 222, 267, 275, 347]",1.18,MLR,0.47,0.2,-0.16,-0.91
"[59, 74, 109, 170, 270, 296, 337]",1.12,MLR,0.41,-0.11,-0.11,0.15
"[18, 39, 290, 314, 315, 358]",1.12,MLR,0.21,-0.3,-0.22,-0.41
"[39, 135, 192, 197, 250, 294, 296, 348]",1.53,MLR,0.15,-1.34,0.08,-0.15
"[30, 116, 179, 272, 282, 351, 378]",1.14,MLR,0.16,-0.16,-0.15,-0.13
"[200, 230, 240]",0.82,MLR,0.08,-0.08,0.16,-0.18
"[19, 22, 76, 112, 192, 281, 318, 365]",1.79,MLR,0.28,-0.77,-2.61,-1.82
"[58, 61, 62, 134, 138, 147, 210, 315]",1.27,MLR,0.27,-0.11,-0.49,-0.43
"[4, 73, 214, 216, 268, 379]",1.12,MLR,0.18,-0.37,-0.12,-0.38
"[97, 131, 221, 237, 306, 344]",1.06,MLR,0.1,-0.15,-0.14,-0.11
"[81, 103, 133, 194, 196, 199, 278, 307, 308, 335]",1.68,MLR,0.24,-0.59,-0.72,-0.93
"[50, 89, 113, 294, 295, 353, 381]",1.44,MLR,0.11,-0.28,-1.74,-1.18
"[16, 18, 72, 136, 165, 354]",1.1,MLR,0.09,-0.15,-0.35,-0.51
"[0, 9, 60, 132, 215, 357]",1.14,MLR,0.1,-0.16,-0.56,-0.68
"[72, 89, 174, 323]",0.91,MLR,0.07,-0.14,0.03,-0.29
"[86, 92, 93, 327]",0.91,MLR,0.0,-0.17,0.07,-0.01
"[28, 65, 267, 329, 337, 340]",1.18,MLR,0.24,-0.11,-0.92,-0.61
"[136, 141, 153, 214, 236]",0.96,MLR,0.21,0.03,-0.21,-0.3
"[89, 130, 178, 288, 335, 354]",1.21,MLR,0.21,-0.09,-1.15,-1.19
"[53, 100, 128, 193, 268, 281, 294, 382]",1.4,MLR,0.16,-0.34,-0.8,-0.68
"[48, 148, 177, 281, 365]",1.22,MLR,0.1,-0.16,-1.62,-0.63
"[60, 145, 219, 257, 294, 328, 329]",1.24,MLR,0.34,-0.01,-0.97,-1.57
"[69, 165, 205, 271]",0.95,MLR,0.24,0.06,-0.58,-0.22
"[12, 13, 15, 60, 62, 189, 272, 323, 345]",2.8,MLR,0.21,-6.04,-1.2,-0.41
"[15, 88, 116, 131, 138, 140, 235, 257]",1.4,MLR,0.18,-0.13,-1.12,-1.24
"[44, 163, 166, 219, 354]",1.13,MLR,0.18,-0.27,-0.79,-0.84
"[122, 225, 285, 326, 340]",2.57,MLR,0.12,-0.12,-17.51,-18.53
"[41, 134, 199, 362]",0.94,MLR,0.14,-0.13,-0.16,-0.43
"[94, 111, 160, 208, 217, 235, 311, 383]",1.27,MLR,0.16,-0.2,-0.31,-0.06
"[16, 21, 115, 244, 259, 277, 335]",1.36,MLR,0.22,-0.12,-1.51,-1.45
"[40, 46, 111, 123, 233, 237, 329, 342]",1.52,MLR,0.19,-0.15,-1.82,-1.75
"[54, 55, 169, 322, 360, 368]",1.08,MLR,0.11,-0.22,-0.13,-0.51
"[60, 68, 116, 214, 242, 284, 364]",1.26,MLR,0.2,-0.79,0.22,0.05
"[70, 80, 150, 162, 290, 321]",1.08,MLR,0.03,-0.33,0.09,0.12
"[17, 67, 231, 235]",1.04,MLR,0.23,0.08,-1.2,-1.13
"[21, 40, 89, 153, 176, 232, 239]",1.2,MLR,0.11,-0.25,-0.33,-0.52
"[15, 22, 46, 76, 305]",1.1,MLR,0.15,-0.12,-0.87,-0.83
"[110, 255, 304, 344, 363]",0.97,MLR,0.11,-0.11,-0.04,-0.27
"[129, 174, 208]",0.84,MLR,0.09,-0.1,0.05,-0.37
"[10, 34, 120, 161, 294, 319]",1.15,MLR,0.18,-0.06,-0.79,-0.94
"[13, 90, 94, 291, 320, 324, 384]",1.46,MLR,0.09,-1.6,0.32,-0.47
"[102, 122, 182, 215, 317, 365]",1.18,MLR,0.06,-0.28,-0.64,-0.86
"[71, 173, 213, 222]",0.89,MLR,0.09,-0.09,0.03,-0.32
"[58, 99, 157, 215, 355, 363]",1.12,MLR,0.22,-0.13,-0.52,-0.28
"[173, 174, 258, 279, 280, 292, 346]",1.2,MLR,0.32,0.1,-0.89,-1.12
"[25, 79, 168, 169, 285, 333, 374]",2.45,MLR,0.31,0.04,-11.59,-13.01
"[73, 132, 203, 317, 318, 358]",1.12,MLR,0.13,-0.18,-0.41,-0.65
"[3, 149, 301, 305, 311, 313]",1.08,MLR,0.08,-0.29,-0.01,-0.28
"[217, 234, 265, 345, 348]",1.0,MLR,0.13,-0.1,-0.24,-0.08
"[83, 105, 197, 328]",0.89,MLR,0.07,-0.09,0.07,-0.08
"[100, 216, 239, 278, 305]",1.06,MLR,0.14,-0.08,-0.65,-1.12
"[169, 228, 309]",0.84,MLR,0.1,-0.05,-0.03,-0.26
"[34, 57, 181, 223, 251, 267, 275, 352, 362]",2.25,MLR,0.42,-0.2,-6.08,-49.46
"[59, 92, 180, 284, 313]",0.97,MLR,0.07,-0.17,0.04,-0.03
"[75, 230, 241, 332, 351, 357, 377]",1.5,MLR,0.19,-1.18,-0.69,-0.43
"[37, 104, 201]",0.85,MLR,0.08,-0.07,-0.06,0.05
"[82, 109, 165, 216, 234, 245, 278, 380]",1.45,MLR,0.21,-0.58,-0.72,-0.91
"[3, 61, 78, 161, 230]",1.12,MLR,0.06,-0.44,-0.44,-0.3
"[27, 44, 93, 101, 154, 245, 286, 354]",1.47,MLR,0.27,-0.44,-1.07,-1.19
"[14, 81, 124, 147, 163, 180, 185, 193, 212, 322, 329]",1.85,MLR,0.17,-0.44,-1.12,-0.27
"[7, 85, 106, 255, 288, 300, 310]",1.11,MLR,0.21,-0.09,-0.09,-0.17
"[32, 51, 155, 158, 278]",1.04,MLR,0.15,-0.12,-0.46,-0.78
"[50, 86, 114, 251, 286, 315]",2.28,MLR,0.0,-0.3,-10.85,-93.13
"[118, 161, 248, 250, 341, 358, 361]",1.2,MLR,0.21,-0.12,-0.5,0.07
"[17, 56, 227, 305, 346]",1.03,MLR,0.23,0.06,-0.68,-0.16
"[42, 55, 246, 262]",0.87,MLR,0.25,-0.03,0.08,-0.02
"[36, 42, 133, 146, 195, 236, 240, 242, 255, 264, 295, 351]",2.59,MLR,0.37,-2.45,-0.78,-0.72
"[37, 190, 283, 328]",1.14,MLR,0.07,-0.95,-0.25,0.06
"[29, 57, 71, 153, 164, 203, 259, 289, 310]",1.28,MLR,0.4,0.04,-0.33,-0.89
"[20, 73, 171, 219, 251, 307, 315]",2.53,MLR,0.44,0.07,-12.6,-128.36
"[15, 59, 180, 239]",0.98,MLR,0.09,-0.1,-0.48,0.04
"[110, 123, 140]",0.86,MLR,0.05,-0.08,-0.13,-0.19
"[14, 61, 92, 102, 288, 372]",1.33,MLR,0.22,-0.28,-1.66,-0.56
"[5, 51, 151, 309, 319, 341]",1.32,MLR,0.05,-0.34,-1.47,-1.4
"[215, 350, 371]",0.88,MLR,0.08,-0.07,-0.24,-0.25
"[128, 190, 361]",0.85,MLR,0.02,-0.14,0.06,0.02
"[20, 61, 95, 118, 197]",1.0,MLR,0.2,-0.04,-0.31,0.28
"[22, 62, 98, 159, 229, 351]",1.17,MLR,0.13,-0.16,-0.73,-0.53
"[16, 32, 115, 263, 307, 331]",1.22,MLR,0.27,0.02,-1.37,-0.93
"[34, 50, 54, 159, 293, 349, 382]",1.2,MLR,0.18,-0.17,-0.44,-0.57
"[84, 133, 301, 325, 378]",1.02,MLR,0.14,-0.17,-0.23,-0.43
"[44, 52, 273, 314, 325]",0.99,MLR,0.11,-0.15,-0.11,-0.1
"[124, 150, 223, 260, 307, 374]",1.04,MLR,0.29,-0.14,-0.01,0.17
"[15, 19, 31, 72, 80, 127, 226, 284]",1.21,MLR,0.25,-0.03,-0.3,0.05
"[37, 52, 134, 277]",0.9,MLR,0.09,-0.07,-0.04,-0.27
"[44, 57, 118, 205, 299, 303, 340]",1.32,MLR,0.22,-0.08,-1.33,-1.41
"[1, 24, 33, 59, 103, 120, 171, 262, 281, 369]",1.46,MLR,0.41,-0.21,-0.24,-0.55
"[63, 112, 131, 250, 285]",2.73,MLR,0.14,-0.14,-20.0,-22.62
"[130, 210, 223, 240, 288, 325, 360, 374]",1.34,MLR,0.16,-0.33,-0.47,-0.63
"[19, 73, 147]",0.84,MLR,0.09,-0.05,-0.04,0.02
"[191, 201, 214]",0.84,MLR,0.08,-0.08,0.06,0.05
"[82, 241, 323, 330, 347]",0.97,MLR,0.12,-0.1,-0.05,-0.16
"[21, 32, 152, 216, 269, 285, 343, 356]",1.81,MLR,0.32,-0.05,-4.03,-9.39
"[142, 150, 154, 163, 208, 213, 234, 307, 316, 323, 345, 359]",1.88,MLR,0.28,-0.29,-0.8,-0.25
"[126, 130, 174, 189, 191, 262, 287, 304, 350, 364]",2.02,MLR,0.36,-1.98,-0.29,-0.31
"[96, 221, 273, 292, 353]",1.18,MLR,0.14,-0.14,-1.34,-1.1
"[30, 85, 138, 236, 288]",0.97,MLR,0.18,-0.04,-0.12,-0.11
"[14, 29, 62, 204, 259, 260, 270, 279]",1.21,MLR,0.4,0.01,-0.34,0.39
"[168, 286, 346, 372]",0.93,MLR,0.13,-0.06,-0.25,-0.15
"[30, 36, 83, 173, 234, 268, 356]",1.23,MLR,0.29,-0.09,-0.73,-1.02
"[61, 105, 119, 302]",0.93,MLR,0.09,-0.08,-0.19,-0.24
"[52, 148, 252, 300, 301]",1.01,MLR,0.05,-0.16,-0.18,-0.24
"[32, 109, 376]",0.89,MLR,0.07,-0.05,-0.37,-0.54
"[8, 14, 185, 237, 278, 280, 379]",1.56,MLR,0.04,-0.26,-2.64,-2.24
"[2, 78, 83, 184, 222, 335]",1.39,MLR,0.1,-1.04,-0.81,-0.64
"[164, 191, 221, 240, 281]",0.99,MLR,0.25,-0.07,-0.24,0.07
"[19, 145, 158, 221, 230, 352]",1.05,MLR,0.29,0.08,-0.43,-0.22
"[44, 245, 249, 323]",0.93,MLR,0.09,-0.12,-0.16,-0.21
"[196, 279, 333, 342, 370]",0.98,MLR,0.06,-0.14,-0.08,0.11
"[87, 159, 225, 231, 301, 343, 370, 380]",1.05,MLR,0.29,0.01,0.4,-0.01
"[18, 205, 282, 285, 291]",2.63,MLR,0.18,-0.02,-18.51,-19.75
"[9, 81, 99, 139]",0.86,MLR,0.09,-0.05,0.17,0.16
"[12, 109, 120, 143, 148, 217, 282, 323, 339]",1.6,MLR,0.17,-0.35,-1.3,-1.37
"[51, 154, 167, 186, 199, 203, 234, 274, 346]",1.87,MLR,0.31,-1.87,-0.45,0.25
"[7, 66, 107, 136, 241, 250, 271, 294, 377]",1.46,MLR,0.25,-0.2,-0.82,-1.13
"[136, 143, 147, 166, 185, 192, 250, 263, 268, 310, 366]",1.95,MLR,0.42,-0.85,-0.94,-0.94
"[57, 213, 260, 337]",0.88,MLR,0.22,-0.06,0.05,0.09
"[82, 133, 154, 178, 225, 242, 247]",0.95,MLR,0.33,0.14,0.28,0.05
"[9, 63, 160, 213, 249]",1.02,MLR,0.15,-0.17,-0.25,-0.22
"[71, 227, 277, 366]",0.91,MLR,0.1,-0.11,-0.04,-0.2
"[69, 99, 106, 136, 162, 178, 251]",2.83,MLR,0.32,0.12,-16.54,-168.06
"[33, 52, 317, 364, 368]",1.16,MLR,0.16,-0.33,-0.93,-1.02
"[11, 41, 174, 268, 338]",1.05,MLR,0.2,-0.22,-0.36,-0.66
"[227, 233, 270, 341]",0.84,MLR,0.22,0.07,0.12,0.03
"[40, 142, 246, 300, 310, 337, 354]",1.27,MLR,0.17,-0.12,-0.95,-1.32
"[16, 203, 240, 255, 322, 357]",1.02,MLR,0.12,-0.22,0.2,0.25
"[50, 72, 93, 130, 316, 340]",1.25,MLR,0.09,-0.18,-1.26,-1.07
"[108, 112, 173, 302, 342, 376]",1.01,MLR,0.11,-0.1,0.06,-0.13
"[60, 63, 80, 106, 137, 239, 358]",1.27,MLR,0.21,-0.07,-1.06,-1.01
"[14, 221, 299]",0.93,MLR,0.08,-0.08,-0.58,-0.2
"[97, 197, 219, 245, 295, 314]",1.12,MLR,0.11,-0.15,-0.48,-0.33
"[34, 160, 164, 216, 275]",1.0,MLR,0.29,-0.11,-0.24,-0.51
"[29, 48, 232, 335]",1.05,MLR,0.14,-0.09,-1.04,-1.11
"[43, 83, 98, 225]",0.91,MLR,0.05,-0.13,0.01,-0.15
"[48, 54, 98, 112, 331]",1.21,MLR,0.15,-0.03,-1.75,-1.35
"[165, 166, 205, 236, 285, 291]",1.76,MLR,0.13,-0.28,-5.24,-4.77
"[124, 151, 194, 245, 301]",1.01,MLR,0.09,-0.17,-0.16,-0.1
"[63, 90, 124, 173, 329, 335]",1.14,MLR,0.3,0.11,-1.0,-1.01
"[52, 112, 182, 219, 267]",1.07,MLR,0.23,-0.02,-0.78,-0.64
"[30, 220, 231, 333]",1.05,MLR,0.1,-0.26,-0.71,-0.57
"[12, 118, 134, 156, 210, 330]",1.07,MLR,0.22,-0.08,-0.28,0.0
"[61, 86, 106, 138, 302]",0.96,MLR,0.21,0.01,-0.15,-0.04
"[22, 291, 324, 336]",1.0,MLR,0.13,-0.07,-0.66,-1.26
"[17, 49, 101, 125, 288, 343]",1.1,MLR,0.08,-0.17,-0.31,-0.09
"[27, 125, 133, 166, 271, 326, 376]",1.18,MLR,0.22,-0.5,0.2,0.12
"[71, 131, 139, 184, 296]",1.16,MLR,0.1,-0.51,-0.61,-0.28
"[21, 72, 107, 112, 126, 163, 263, 264, 310, 358]",1.35,MLR,0.39,-0.12,0.05,0.32
"[13, 35, 121, 144, 197, 251, 285, 315]",7.98,MLR,0.39,0.07,-128.89,-782.45
"[96, 128, 159, 267, 303, 369]",1.0,MLR,0.24,-0.02,0.03,0.1
"[189, 307, 328, 367]",0.96,MLR,0.01,-0.22,-0.19,-0.24
"[18, 198, 306, 353, 355, 373]",1.24,MLR,0.32,0.14,-1.68,-1.27
"[72, 87, 186, 288, 358]",1.02,MLR,0.08,-0.32,-0.01,-0.17
"[70, 130, 155, 208, 214, 286, 333, 377]",1.19,MLR,0.23,-0.18,0.05,0.19
"[74, 107, 151, 171, 210, 314, 319]",0.99,MLR,0.48,0.28,-0.13,0.49
"[28, 37, 251, 276]",2.69,MLR,0.16,-0.08,-22.48,-263.99
"[25, 195, 287, 334]",0.99,MLR,0.15,-0.06,-0.65,-0.84
"[61, 83, 88, 112, 145, 211, 228, 379]",1.15,MLR,0.23,-0.07,0.06,-0.22
"[146, 201, 255, 368, 375]",0.98,MLR,0.09,-0.16,0.01,-0.11
"[146, 177, 212, 231, 302, 336]",1.14,MLR,0.03,-0.29,-0.33,-0.47
"[26, 71, 95, 138, 172, 274, 303, 325, 371]",1.31,MLR,0.3,-0.02,-0.34,-0.05
"[124, 245, 292, 327, 353]",1.19,MLR,0.13,-0.02,-1.65,-0.94
"[169, 187, 250, 260, 288, 315, 381]",1.13,MLR,0.24,-0.21,-0.01,0.06
"[92, 236, 284, 353]",1.11,MLR,0.05,-0.13,-1.36,-0.91
"[22, 93, 120, 153, 155, 206, 307, 334]",1.33,MLR,0.21,-0.21,-0.64,-0.49
"[81, 88, 164, 210]",0.86,MLR,0.23,-0.04,0.14,0.06
"[155, 278, 287, 347, 375, 377]",1.04,MLR,0.18,-0.07,-0.1,-0.27
"[164, 167, 256, 362]",0.84,MLR,0.27,0.05,0.12,0.06
"[34, 62, 161, 177]",1.01,MLR,0.18,-0.02,-0.83,-1.33
"[21, 59, 112, 187, 232, 255, 328, 329, 333]",1.68,MLR,0.35,-1.21,-0.36,-0.38
"[42, 238, 251, 265, 333, 365]",2.83,MLR,0.16,-0.32,-18.42,-206.52
"[158, 196, 231]",0.86,MLR,0.01,-0.14,0.03,0.02
"[72, 74, 203, 221, 258, 311]",1.1,MLR,0.16,-0.1,-0.42,-0.58
"[18, 97, 208, 263, 268, 312, 384]",1.18,MLR,0.18,-0.21,-0.26,-0.3
"[50, 152, 165, 220]",0.88,MLR,0.21,0.06,-0.15,-0.06
"[50, 195, 233, 377]",0.91,MLR,0.19,0.05,-0.29,-0.18
"[0, 27, 43, 134, 275, 313]",1.09,MLR,0.12,-0.29,-0.02,-0.33
"[78, 218, 237, 264, 329, 371]",1.34,MLR,0.29,-0.86,-0.72,-0.23
"[38, 83, 129, 340]",0.92,MLR,0.04,-0.14,-0.01,-0.08
"[1, 9, 97, 116, 161, 316]",1.16,MLR,0.09,-0.13,-0.72,-0.83
"[22, 86, 102, 104, 159, 168, 224, 262, 279, 316]",1.58,MLR,0.37,-0.46,-0.39,-0.03
"[2, 26, 54, 65, 110, 181, 214, 241, 339]",1.41,MLR,0.07,-0.54,0.05,-0.28
"[31, 96, 247, 347, 350, 365]",1.07,MLR,0.25,0.04,-0.5,-0.13
"[32, 69, 127, 177, 257, 322]",1.1,MLR,0.34,0.13,-0.82,-0.58
"[57, 111, 123, 197, 221, 259]",1.12,MLR,0.11,-0.21,-0.34,-1.76
"[28, 49, 59, 148, 176, 196, 302, 384]",1.45,MLR,0.16,-0.39,-0.98,-0.89
"[17, 54, 56, 81, 110, 116, 251]",2.81,MLR,0.15,-0.16,-15.78,-167.05
"[31, 200, 302, 356, 375]",0.96,MLR,0.16,-0.03,-0.12,-0.24
"[13, 31, 45, 182, 252, 351, 378]",1.2,MLR,0.16,-0.15,-0.49,-0.17
"[42, 53, 101, 124, 364]",1.07,MLR,0.07,-0.19,-0.54,-0.68
"[134, 140, 148, 161, 192, 218, 220, 312]",1.27,MLR,0.16,-0.18,-0.35,-0.5
"[26, 246, 335, 340, 343]",1.02,MLR,0.18,-0.12,-0.31,-0.93
"[93, 182, 344, 356, 383]",1.01,MLR,0.12,-0.18,-0.18,-0.26
"[49, 80, 151, 164, 254, 374]",1.03,MLR,0.23,-0.14,0.05,0.21
"[19, 222, 326, 366]",0.89,MLR,0.11,-0.1,0.08,0.13
"[0, 38, 95, 115, 123, 147, 151, 157, 178, 218, 354, 355]",1.8,MLR,0.43,-0.26,-0.53,-0.03
"[8, 9, 20, 87, 92, 110, 267]",1.09,MLR,0.23,-0.08,0.02,-0.14
"[58, 84, 121, 150, 162, 172]",1.09,MLR,0.14,-0.19,-0.19,-0.54
"[57, 156, 170, 177]",0.83,MLR,0.31,0.16,0.02,0.3
"[0, 92, 251, 308, 326]",3.1,MLR,0.2,-0.07,-26.7,-333.64
"[181, 182, 225, 243, 271, 375]",1.14,MLR,0.12,-0.49,-0.06,-0.05
"[52, 74, 98, 102, 172, 229, 251, 253]",2.66,MLR,0.32,-1.14,-9.95,-84.26
"[45, 73, 91, 102, 290, 296, 323, 351]",1.5,MLR,0.19,-0.7,-0.81,-0.89
"[34, 38, 101, 162, 216, 296]",1.37,MLR,0.2,-0.63,-1.37,-1.69
"[65, 121, 187, 196, 236, 258, 300, 369, 373, 374]",1.31,MLR,0.3,-0.05,0.09,0.2
"[8, 147, 180, 204, 208, 239, 247, 356]",1.21,MLR,0.26,-0.04,-0.29,-0.09
"[93, 102, 220]",0.85,MLR,0.03,-0.12,0.01,-0.06
"[24, 26, 62, 104, 176, 185, 251, 275, 381]",4.8,MLR,0.26,-1.22,-36.42,-435.1
"[201, 279, 332, 378]",0.92,MLR,0.11,-0.26,0.15,0.08
"[19, 43, 91, 185, 368]",0.99,MLR,0.14,-0.17,-0.04,0.26
"[52, 208, 213, 223, 330]",1.1,MLR,0.14,-0.24,-0.66,-0.81
"[48, 93, 311, 363]",0.98,MLR,0.07,-0.24,-0.28,-0.34
"[1, 13, 150, 220, 290, 358, 377]",1.13,MLR,0.31,0.03,-0.39,0.13
"[26, 70, 143, 268, 357]",1.02,MLR,0.08,-0.29,-0.01,-0.15
"[154, 191, 292, 354]",1.17,MLR,0.37,0.25,-2.52,-1.26
"[44, 218, 354]",0.92,MLR,0.13,-0.0,-0.69,-0.51
"[111, 170, 175, 242, 248, 302, 310, 312]",1.11,MLR,0.5,0.29,-0.36,-2.05
"[97, 141, 200, 203, 317]",0.98,MLR,0.24,-0.11,-0.08,0.03
"[70, 345, 367]",0.86,MLR,0.06,-0.09,-0.11,-0.03
"[13, 151, 165]",0.85,MLR,0.05,-0.1,0.01,0.22
"[44, 54, 310, 335]",1.01,MLR,0.16,-0.1,-0.74,-0.7
"[94, 97, 308]",0.85,MLR,0.07,-0.08,-0.0,-0.02
"[6, 88, 165, 229]",0.97,MLR,0.12,-0.05,-0.51,-0.5
"[35, 154, 219, 222, 240, 255]",1.07,MLR,0.16,-0.16,-0.17,-0.15
"[158, 196, 300, 327, 365, 379]",1.03,MLR,0.13,-0.11,-0.01,0.15
"[77, 92, 139, 201, 276]",0.93,MLR,0.17,-0.16,0.26,-0.11
"[30, 72, 248, 252, 334]",1.01,MLR,0.22,-0.02,-0.44,-0.33
"[102, 108, 308]",0.82,MLR,0.1,-0.02,0.05,-0.02
"[50, 60, 147, 157, 203, 221, 233, 266, 279, 296, 374]",1.93,MLR,0.35,-0.07,-2.15,-4.25
"[68, 177, 330, 376]",0.95,MLR,0.04,-0.21,-0.1,-0.18
"[11, 40, 105, 135, 138, 162, 273]",1.11,MLR,0.23,-0.09,-0.07,-0.2
"[83, 159, 192, 222, 310]",1.05,MLR,0.07,-0.22,-0.33,-0.17
"[34, 82, 161, 169, 182, 209, 239, 245, 271, 288, 351, 352]",2.44,MLR,0.44,-0.82,-2.66,-3.14
"[19, 83, 149, 175, 261]",0.96,MLR,0.12,-0.1,0.04,-0.08
"[220, 230, 294, 363]",0.93,MLR,0.02,-0.18,-0.04,-0.11
"[12, 41, 107, 151, 180, 199, 255, 347]",1.44,MLR,0.13,-0.83,-0.21,-0.25
"[9, 44, 127, 202, 262, 332]",1.19,MLR,0.34,-0.17,-0.87,-1.02
"[163, 167, 180, 184, 196, 226, 228, 247, 336, 382]",1.77,MLR,0.23,-0.99,-0.47,-0.75
"[56, 133, 335, 348, 364]",1.05,MLR,0.09,-0.15,-0.43,-0.58
"[243, 303, 317, 365]",0.89,MLR,0.11,-0.09,0.08,-0.14
"[22, 76, 96, 196, 312, 329, 333]",1.3,MLR,0.19,-0.19,-0.99,-0.73
"[13, 73, 147, 162, 191, 242, 244, 247]",1.11,MLR,0.42,0.17,-0.16,0.19
"[27, 166, 285, 298, 345]",1.34,MLR,0.21,-0.12,-2.62,-1.86
"[4, 59, 70, 71, 220, 256]",1.07,MLR,0.15,-0.15,-0.14,-0.66
"[249, 253, 258]",0.89,MLR,0.13,0.01,-0.43,-1.0
"[25, 49, 148, 166, 345, 364]",1.14,MLR,0.16,-0.26,-0.42,-0.47
"[101, 169, 307, 351]",0.91,MLR,0.09,-0.09,-0.08,-0.3
"[0, 5, 117, 182, 220, 252, 306]",1.52,MLR,0.12,-0.24,-2.39,-1.78
"[31, 62, 200, 268, 296, 303, 340]",1.3,MLR,0.25,-0.1,-1.18,-1.26
"[91, 263, 345]",0.87,MLR,0.08,-0.08,-0.13,0.02
"[64, 147, 158, 164, 201, 230]",0.95,MLR,0.4,0.08,0.11,0.09
"[191, 192, 221]",0.9,MLR,0.05,-0.12,-0.33,-0.18
"[55, 215, 276, 356, 366]",1.02,MLR,0.17,-0.06,-0.44,-0.26
"[24, 46, 160, 260, 277, 306]",1.03,MLR,0.26,-0.14,0.02,-0.08
"[54, 90, 199, 231, 248, 254]",1.13,MLR,0.27,-0.41,-0.1,0.43
"[56, 236, 360, 363]",0.91,MLR,0.1,-0.09,-0.07,-0.07
"[166, 176, 188, 339, 368, 370, 375, 376]",1.34,MLR,0.21,-0.55,-0.09,-0.21
"[14, 132, 171, 181, 319, 323, 359, 362, 371, 383]",1.44,MLR,0.45,0.15,-0.77,0.11
"[48, 97, 294, 345, 372]",1.19,MLR,0.15,-0.22,-1.31,-1.23
"[71, 97, 143, 212, 346]",0.99,MLR,0.07,-0.16,-0.05,-0.14
"[50, 107, 156, 187, 239, 280, 312, 321]",1.19,MLR,0.36,0.13,-0.48,0.14
"[13, 76, 88, 122, 131, 214, 224, 240, 363, 379]",1.73,MLR,0.34,-0.73,-0.73,-0.42
"[50, 107, 171, 203, 240, 326]",0.91,MLR,0.38,0.16,0.14,0.51
"[294, 330, 373]",0.87,MLR,0.01,-0.16,-0.01,0.04
"[68, 70, 105, 134, 195, 198]",1.03,MLR,0.15,-0.08,-0.04,-0.18
"[47, 74, 79, 141, 190, 217, 263, 301, 313, 369, 382]",1.53,MLR,0.34,-0.12,-0.24,-0.34
"[69, 70, 251, 345]",2.67,MLR,0.33,0.19,-22.52,-229.2
"[78, 216, 302, 308]",0.94,MLR,0.1,-0.11,-0.2,-0.16
"[121, 142, 248, 338, 368]",1.02,MLR,0.25,-0.06,-0.44,-0.32
"[10, 103, 199, 307, 310, 371]",1.16,MLR,0.12,-0.58,0.02,0.21
"[42, 45, 203, 278, 331]",1.09,MLR,0.19,-0.08,-0.87,-1.18
"[171, 184, 220, 229, 291, 344, 346, 376, 377]",1.2,MLR,0.46,0.1,-0.08,-0.48
"[3, 112, 140]",0.85,MLR,0.03,-0.1,-0.01,-0.12
"[104, 111, 196, 202, 233, 261, 274, 293]",1.31,MLR,0.09,-0.37,-0.22,-1.31
"[31, 136, 178, 286, 289, 363]",1.06,MLR,0.19,-0.13,-0.17,-0.29
"[31, 32, 42, 68, 110, 143, 245, 316, 367]",1.4,MLR,0.22,-0.28,-0.35,-1.22
"[104, 114, 135, 231, 311, 319, 325]",1.27,MLR,0.09,-0.56,-0.2,-0.23
"[20, 85, 111, 158, 240, 309, 341, 377]",1.22,MLR,0.17,-0.23,-0.02,-2.1
"[201, 264, 302]",0.79,MLR,0.22,0.09,0.08,0.21
"[64, 135, 258]",0.82,MLR,0.13,0.0,0.01,-0.17
"[2, 29, 230, 290, 320, 328, 363]",1.28,MLR,0.18,-0.17,-0.9,-0.58
"[124, 141, 198, 288]",0.88,MLR,0.17,0.02,-0.07,-0.01
"[198, 253, 344]",1.0,MLR,0.22,-0.08,-1.1,-2.24
"[102, 138, 271]",0.79,MLR,0.27,0.16,-0.03,0.1
"[10, 93, 115, 358, 364]",0.97,MLR,0.05,-0.13,-0.02,0.01
"[30, 56, 80, 191, 211, 217, 296, 315, 328]",1.4,MLR,0.33,-0.03,-0.76,-0.42
"[148, 237, 307, 332, 335]",1.11,MLR,0.11,-0.12,-0.88,-0.97
"[100, 106, 117, 141, 204, 209, 294, 302]",1.18,MLR,0.39,0.07,-0.32,0.04
"[17, 117, 165, 172, 274, 287, 344, 376, 383]",1.42,MLR,0.17,-0.18,-0.65,-0.29
"[62, 110, 127, 285, 362]",2.85,MLR,0.1,-0.17,-22.12,-23.99
"[142, 252, 283, 341]",0.97,MLR,0.07,-0.13,-0.42,0.14
"[21, 184, 188, 227, 260, 277, 340, 357]",1.23,MLR,0.27,-0.15,-0.17,-0.33
"[16, 111, 149, 242, 270, 291, 335, 358, 371]",1.58,MLR,0.29,-0.09,-1.62,-2.35
"[120, 169, 178, 195, 196, 274, 277, 298, 339]",1.37,MLR,0.29,-0.14,-0.43,0.04
"[12, 30, 180, 199, 243, 244, 279, 288, 374]",1.51,MLR,0.27,-0.57,-0.45,-0.37
"[7, 17, 74, 125, 182, 236, 286, 351, 371]",1.5,MLR,0.47,0.16,-1.62,-1.34
"[3, 192, 281, 313, 340]",1.2,MLR,0.13,-0.1,-1.55,-1.08
"[188, 214, 217, 229, 294, 338, 348]",1.25,MLR,0.17,-0.11,-0.86,-0.86
"[102, 118, 123, 176, 183, 216, 251, 331]",3.02,MLR,0.28,-0.03,-16.04,-163.91
"[15, 108, 134, 234, 282, 301, 374]",1.32,MLR,0.21,-0.15,-1.19,-0.8
"[26, 109, 120, 126, 308, 320, 323]",1.34,MLR,0.15,-0.61,-0.57,-0.77
"[9, 104, 127, 163, 263, 332]",1.04,MLR,0.12,-0.13,-0.04,0.02
"[24, 84, 86, 114, 166, 189, 225, 315, 331]",1.38,MLR,0.36,-0.2,-0.39,-0.21
"[16, 49, 55, 134, 345]",1.07,MLR,0.14,-0.09,-0.73,-0.67
"[146, 237, 241, 249]",0.93,MLR,0.06,-0.25,0.07,-0.12
"[1, 23, 185, 328, 336]",1.11,MLR,0.15,-0.11,-0.96,-0.86
"[127, 141, 142, 170, 179, 220]",0.85,MLR,0.56,0.33,0.16,0.52
"[75, 112, 119, 314, 366]",1.02,MLR,0.11,-0.11,-0.36,-0.4
"[4, 55, 138, 146, 165, 189, 239, 288, 375]",1.55,MLR,-0.26,-0.79,-0.3,-0.47
"[109, 189, 226]",0.86,MLR,0.0,-0.12,-0.05,-0.08
"[124, 205, 206, 251, 297, 349, 363]",2.81,MLR,0.27,-0.03,-15.92,-160.22
"[159, 222, 303, 310, 317, 348]",1.04,MLR,0.16,-0.12,-0.05,-0.21
"[9, 32, 189, 247]",1.78,MLR,0.14,-4.73,-0.5,-0.31
"[49, 218, 248, 266, 323, 372, 377, 382]",1.39,MLR,0.39,-0.52,-0.42,0.04
"[10, 55, 114, 129, 174, 217, 255, 274, 336, 343]",1.44,MLR,0.19,-0.37,0.09,-0.39
"[12, 58, 104, 131, 159, 174, 199, 276, 328]",1.55,MLR,0.16,-0.69,-0.45,-0.59
"[29, 58, 255, 346]",0.9,MLR,0.16,-0.01,-0.11,-0.6
"[6, 19, 205, 279, 297, 326, 329, 380]",1.37,MLR,0.24,-0.14,-0.97,-1.29
"[1, 41, 77]",0.88,MLR,0.06,-0.26,0.1,-0.15
"[40, 50, 178, 270, 284, 313, 365]",1.13,MLR,0.14,-0.18,-0.07,-0.14
"[74, 132, 195, 242, 341]",1.08,MLR,0.14,-0.44,-0.15,-0.2
"[16, 50, 214, 261, 268, 309]",1.1,MLR,0.15,-0.08,-0.43,-0.05
"[14, 122, 229]",1.02,MLR,0.1,-0.04,-1.33,-0.48
"[9, 42, 377]",0.84,MLR,0.12,0.01,-0.13,-0.22
"[13, 15, 244, 246, 248, 252, 269, 353]",1.35,MLR,0.22,-0.51,-0.22,0.26
"[36, 59, 147, 177, 354, 362]",1.18,MLR,0.12,-0.16,-0.84,-0.81
"[161, 181, 184, 221, 306]",0.99,MLR,0.17,-0.2,0.01,0.14
"[21, 123, 180, 201, 234, 353, 369]",1.36,MLR,0.12,-0.18,-1.41,-0.67
"[83, 193, 194]",0.85,MLR,0.08,-0.06,-0.06,-0.1
"[103, 108, 199, 289, 324, 377]",1.28,MLR,0.09,-1.03,-0.02,-0.02
"[30, 54, 213, 218]",0.98,MLR,0.16,-0.01,-0.67,-0.61
"[105, 131, 264, 316, 363]",0.91,MLR,0.23,0.03,0.08,0.15
"[37, 68, 233, 302, 332]",1.03,MLR,0.09,-0.37,0.05,0.03
"[5, 105, 195]",1.03,MLR,0.06,-0.09,-1.35,-1.21
"[0, 20, 34, 131, 190, 248]",1.15,MLR,0.31,0.04,-0.96,-0.98
"[10, 99, 104, 140, 202, 214, 218, 220, 309, 338, 376, 380]",1.55,MLR,0.34,-0.0,-0.03,0.09
"[106, 276, 314, 361]",0.93,MLR,0.09,-0.12,-0.13,-0.01
"[4, 126, 179, 288]",0.95,MLR,0.14,-0.09,-0.31,-0.29
"[148, 152, 332]",0.9,MLR,0.19,-0.24,-0.14,-0.2
"[84, 167, 178, 192, 265, 280, 296, 365]",1.28,MLR,0.43,0.19,-1.01,-0.64
"[96, 282, 376]",0.85,MLR,0.01,-0.11,-0.01,-0.14
"[27, 135, 245, 308, 377]",0.98,MLR,0.05,-0.13,-0.04,-0.22
"[56, 282, 299, 356]",0.98,MLR,0.25,0.13,-0.92,-1.01
"[131, 174, 222, 228, 251, 286, 319, 350]",2.62,MLR,0.25,-0.13,-11.28,-130.84
"[119, 205, 250, 296, 308]",0.96,MLR,0.19,-0.02,-0.14,0.11
"[91, 96, 200, 257, 350]",0.98,MLR,0.15,-0.15,-0.0,-0.34
"[21, 47, 99, 140, 199]",1.04,MLR,0.07,-0.22,-0.28,-0.08
"[61, 105, 126, 275, 291, 331, 374]",1.18,MLR,0.24,-0.04,-0.58,-2.27
"[12, 37, 143, 331, 381]",1.05,MLR,0.08,-0.16,-0.48,-0.79
"[57, 128, 148]",0.86,MLR,0.04,-0.13,-0.0,-0.1
"[21, 23, 369, 371]",0.94,MLR,0.03,-0.22,-0.03,-0.09
"[0, 11, 41, 133, 204, 372]",1.11,MLR,0.18,-0.14,-0.4,-0.27
"[13, 113, 165, 372]",0.91,MLR,0.09,-0.12,-0.03,0.34
"[70, 202, 231]",0.86,MLR,0.03,-0.14,-0.0,-0.12
"[13, 36, 184, 264]",0.85,MLR,0.23,0.04,0.1,0.37
"[10, 30, 100, 170, 244, 304]",1.15,MLR,0.31,-0.5,-0.08,-0.17
"[102, 129, 142, 193]",1.03,MLR,0.19,-0.41,-0.3,0.1
"[67, 89, 91, 153, 161, 331]",1.07,MLR,0.16,-0.17,-0.16,-0.41
"[4, 43, 125, 131, 132, 354]",1.18,MLR,0.16,-0.11,-0.88,-0.63
"[147, 186, 201, 215, 227, 343, 356, 360, 378]",1.45,MLR,0.19,-0.23,-0.7,-0.72
"[215, 268, 337, 352, 377, 383]",1.17,MLR,0.21,-0.19,-0.69,-0.6
"[204, 297, 311, 332, 359]",1.41,MLR,0.14,-1.91,-0.27,-0.19
"[47, 116, 241, 290, 321]",1.02,MLR,0.05,-0.27,-0.06,-0.26
"[91, 151, 159, 203, 213, 254, 297, 310, 380]",1.31,MLR,0.21,-0.2,-0.07,-0.12
"[8, 87, 88, 248, 322]",0.97,MLR,0.3,0.08,-0.36,-0.15
"[79, 124, 157, 237, 250, 268, 309, 332, 357]",1.32,MLR,0.4,-0.11,-0.24,0.03
"[132, 259, 297, 370]",0.94,MLR,0.18,-0.05,-0.32,-0.2
"[93, 134, 144, 187, 204, 222]",1.16,MLR,0.08,-0.27,-0.51,-0.48
"[98, 135, 166]",0.9,MLR,0.08,-0.33,-0.0,-0.16
"[175, 177, 194, 206, 269, 321, 369]",1.07,MLR,0.33,-0.1,0.11,0.1
"[41, 225, 302, 371]",0.92,MLR,0.03,-0.21,0.09,-0.02
"[20, 322, 362]",0.87,MLR,0.04,-0.14,-0.1,-0.22
"[30, 128, 162, 298, 325]",1.03,MLR,0.09,-0.35,0.01,-0.01
"[8, 53, 80, 184, 212, 335, 346]",1.26,MLR,0.15,-0.2,-0.72,-1.0
"[44, 89, 211, 299]",0.99,MLR,0.14,-0.04,-0.69,-0.78
"[68, 157, 206, 210, 219, 286, 293]",1.22,MLR,0.31,-0.11,-0.69,-0.81
"[15, 74, 147, 151, 165, 166]",1.06,MLR,0.17,-0.15,-0.11,-0.17
"[17, 32, 44, 101, 108, 202]",1.25,MLR,0.2,-0.42,-0.84,-0.78
"[29, 193, 232, 251, 287, 311, 346]",2.87,MLR,0.28,-0.46,-16.06,-152.97
"[139, 162, 273, 287, 377]",1.05,MLR,0.11,-0.32,-0.16,-0.7
"[234, 307, 329]",0.85,MLR,0.0,-0.16,0.08,0.05
"[160, 209, 271]",0.85,MLR,0.06,-0.12,0.03,0.04
"[5, 64, 180, 185, 351]",1.13,MLR,0.22,-0.14,-1.06,-0.93
"[47, 113, 152, 206, 223, 236, 356, 370]",1.2,MLR,0.48,0.24,-0.71,-0.09
"[171, 182, 203, 383]",0.81,MLR,0.26,0.15,0.14,0.46
"[31, 87, 138, 144, 214]",1.01,MLR,0.18,-0.02,-0.45,-0.36
"[4, 6, 55, 62, 65, 72]",1.17,MLR,0.07,-0.19,-0.68,-0.79
"[20, 74, 98, 110, 207, 232]",1.07,MLR,0.1,-0.22,-0.02,-0.09
"[22, 32, 68, 197, 316]",1.01,MLR,0.09,-0.14,-0.25,-0.43
"[10, 119, 154, 196, 286, 340]",1.33,MLR,0.14,-0.84,-0.68,-0.42
"[14, 160, 293, 354]",0.96,MLR,0.1,-0.06,-0.45,-0.41
"[214, 245, 262, 319, 322]",0.97,MLR,0.25,-0.1,-0.08,-0.16
"[78, 106, 115, 129, 381]",1.08,MLR,0.05,-0.2,-0.57,-0.52
"[65, 97, 133, 383]",0.93,MLR,0.04,-0.21,0.03,-0.18
"[71, 74, 188, 223, 259, 269, 334]",1.12,MLR,0.34,0.01,-0.29,0.24
"[92, 114, 118, 274, 298, 370]",1.07,MLR,0.11,-0.28,0.08,-0.08
"[54, 64, 144, 234, 274, 280, 357, 363]",1.36,MLR,0.22,-0.44,-0.41,-0.46
"[60, 80, 84, 136, 168, 207, 248, 263, 298, 333]",1.34,MLR,0.35,-0.2,0.23,0.23
"[24, 61, 68, 371]",0.91,MLR,0.06,-0.13,0.01,-0.0
"[11, 113, 197, 299, 372]",1.15,MLR,0.17,-0.04,-1.35,-1.13
"[99, 203, 305, 315, 371]",0.94,MLR,0.1,-0.13,0.2,-0.06
"[36, 41, 49, 69, 293, 299]",1.19,MLR,0.3,0.08,-1.32,-0.72
"[28, 138, 171, 178, 343]",0.84,MLR,0.43,0.3,0.01,0.22
"[22, 34, 37, 105, 111, 165, 209, 248]",1.32,MLR,0.29,-0.05,-0.83,-1.47
"[152, 187, 189, 254, 267, 302]",1.21,MLR,0.21,-0.83,0.11,0.29
"[129, 198, 224, 291, 331, 336, 339, 359, 374]",1.39,MLR,0.31,-0.21,-0.43,-2.42
"[214, 236, 265, 328]",0.95,MLR,0.14,-0.04,-0.38,-0.47
"[78, 123, 206, 213, 371]",0.92,MLR,0.17,-0.04,0.13,0.04
"[12, 18, 107, 232, 289]",0.97,MLR,0.21,0.05,-0.29,-0.11
"[126, 248, 255, 291, 331, 338, 362]",1.17,MLR,0.29,-0.11,-0.41,-1.53
"[42, 45, 127, 197, 270]",1.1,MLR,0.24,0.01,-1.04,-0.87
"[39, 59, 67, 90, 271, 313, 329, 360]",1.25,MLR,0.21,-0.22,-0.2,-0.43
"[61, 102, 207, 266, 289]",1.04,MLR,0.09,-0.32,-0.11,-0.16
"[32, 41, 75, 149, 269, 364]",1.1,MLR,0.38,0.14,-0.82,-0.34
"[53, 199, 217, 245, 250, 347]",1.15,MLR,0.11,-0.59,0.06,0.08
"[6, 31, 101, 182, 267]",1.03,MLR,0.3,0.06,-0.7,-0.56
"[8, 73, 101, 129, 219, 293]",1.1,MLR,0.12,-0.15,-0.36,-0.85
"[9, 34, 119, 126, 127, 128, 161, 257, 296, 297, 370, 374]",1.5,MLR,0.34,-0.17,0.43,-0.57
"[17, 91, 117, 150, 169, 181, 275, 367, 372]",1.29,MLR,0.37,0.09,-0.45,-0.31
"[24, 196, 223, 225, 257, 302, 321, 333]",1.45,MLR,0.32,-0.05,-1.55,-1.32
"[60, 214, 247, 311, 351, 353]",1.35,MLR,0.18,-0.51,-1.44,-1.23
"[105, 218, 230, 267, 289]",1.0,MLR,0.13,-0.19,-0.05,0.07
"[127, 144, 151, 186, 332, 370]",1.46,MLR,0.11,-1.47,-0.65,-0.28
"[18, 23, 37, 41, 60, 107, 141, 174, 245, 321, 347]",1.58,MLR,0.34,-0.36,-0.02,-0.07
"[36, 82, 115, 186, 202, 283, 305]",1.3,MLR,0.1,-0.3,-0.83,-0.5
"[50, 58, 73, 88, 174, 205, 266, 327]",1.44,MLR,0.21,-0.37,-0.96,-1.28
"[33, 95, 196, 248]",1.05,MLR,0.3,0.11,-1.36,-1.21
"[81, 98, 108, 124, 172, 190, 212, 223, 233, 251]",3.18,MLR,0.13,-0.93,-11.33,-121.42
"[87, 326, 331]",0.85,MLR,0.11,-0.21,0.18,-0.07
"[19, 24, 102, 182, 187, 215]",1.46,MLR,0.33,-0.57,-2.13,-2.54
"[96, 244, 301, 311, 323, 338, 378]",1.18,MLR,0.17,-0.15,-0.39,-0.5
"[174, 216, 221, 292, 322, 324]",1.18,MLR,0.17,-0.13,-0.91,-1.27
"[19, 61, 86, 134, 254, 342, 351]",1.19,MLR,0.2,-0.05,-0.57,-0.1
"[6, 9, 94, 147, 148, 181, 209, 269, 272, 278, 370]",1.63,MLR,0.39,-0.22,-0.45,-0.58
"[128, 134, 187, 194]",0.93,MLR,0.07,-0.12,-0.15,-0.32
"[97, 141, 182, 202, 203, 256, 269, 286]",1.42,MLR,0.41,0.18,-1.79,-1.64
"[3, 97, 229]",0.96,MLR,0.07,-0.06,-0.81,-0.8
"[50, 158, 175, 294, 368]",0.96,MLR,0.1,-0.15,0.09,-0.45
"[6, 18, 22, 35, 49, 251, 252, 262, 284, 291]",2.2,MLR,0.31,-0.32,-4.25,-41.49
"[87, 140, 145, 159, 170, 209, 334, 343]",1.21,MLR,0.38,-0.09,-0.18,0.03
"[16, 103, 220, 223, 320, 345]",1.07,MLR,0.24,0.0,-0.41,0.02
"[131, 143, 145, 159, 221, 243, 258, 354, 369]",1.42,MLR,0.2,-0.17,-0.63,-0.65
"[41, 88, 166]",0.86,MLR,0.08,-0.15,-0.01,-0.16
"[172, 187, 252]",0.86,MLR,0.04,-0.15,0.04,-0.14
"[62, 121, 269, 319, 336]",0.94,MLR,0.24,-0.04,0.01,0.12
"[107, 113, 185, 295]",0.91,MLR,0.11,-0.07,-0.07,-0.19
"[0, 58, 102, 176, 304]",1.05,MLR,0.05,-0.37,-0.08,-0.29
"[86, 143, 173, 270]",0.86,MLR,0.15,-0.01,0.12,-0.32
"[31, 58, 123, 137, 179, 211, 339, 359, 376]",1.56,MLR,0.19,-0.19,-1.37,-1.41
"[28, 123, 137, 160, 169, 195, 237, 241, 292, 310, 373]",1.69,MLR,0.22,-0.19,-0.79,-1.35
"[51, 61, 109, 141, 183, 251]",1.83,MLR,0.42,0.22,-6.71,-66.1
"[148, 257, 275, 282, 356]",0.95,MLR,0.15,-0.06,0.02,-0.55
"[37, 54, 206, 227, 229, 233, 308, 375]",1.06,MLR,0.33,0.01,0.34,-0.33
"[6, 26, 137, 163, 354, 379]",1.16,MLR,0.14,-0.23,-0.6,-0.57
"[60, 101, 125, 136, 226, 258, 334, 339, 370, 378]",1.46,MLR,0.23,-0.34,-0.04,-0.05
"[101, 136, 232, 283, 328]",1.09,MLR,0.12,-0.5,-0.11,-0.12
"[205, 276, 293, 348]",0.9,MLR,0.07,-0.19,0.19,-0.16
"[19, 22, 62, 85, 239, 285, 291, 315, 365]",5.48,MLR,0.45,0.23,-51.37,-57.23
"[117, 129, 155]",0.86,MLR,0.06,-0.07,-0.13,-0.01
"[15, 79, 94, 163, 293]",1.02,MLR,0.12,-0.12,-0.29,-0.33
"[11, 66, 152, 228, 257, 268]",1.01,MLR,0.28,-0.04,-0.01,-0.32
"[136, 140, 173]",0.84,MLR,0.08,-0.08,0.06,-0.35
"[168, 175, 339]",0.82,MLR,0.1,-0.08,0.18,-0.38
"[71, 75, 153, 314]",0.92,MLR,0.13,0.01,-0.3,-0.19
"[22, 110, 151, 245, 338]",1.03,MLR,0.13,-0.17,-0.34,-0.54
"[111, 235, 323, 366]",0.94,MLR,0.03,-0.26,0.0,-0.46
"[50, 127, 136, 215, 297]",0.91,MLR,0.25,-0.0,0.16,0.18
"[129, 180, 260, 292, 339, 350]",1.14,MLR,0.28,-0.2,-0.5,-0.36
"[40, 98, 206, 212, 246, 263, 342, 368]",1.35,MLR,0.21,-0.18,-0.77,-0.63
"[8, 113, 258, 298, 299]",1.03,MLR,0.13,-0.14,-0.33,-0.02
"[58, 119, 194, 255, 301]",0.98,MLR,0.17,-0.05,-0.19,-0.36
"[36, 115, 187, 255, 295, 313]",1.0,MLR,0.21,-0.04,0.02,-0.11
"[103, 115, 184, 220, 269, 289, 314, 320]",1.17,MLR,0.35,0.07,-0.27,0.2
"[98, 127, 160, 256, 267, 348]",1.04,MLR,0.33,0.11,-0.42,0.04
"[71, 154, 182, 275]",1.13,MLR,0.12,-0.9,-0.25,-0.12
"[86, 99, 162, 165, 176, 183, 249, 328, 381]",1.43,MLR,0.26,-0.3,-0.49,-1.41
"[2, 46, 72, 155, 164, 202, 272]",1.2,MLR,0.31,-0.35,-0.15,0.01
"[92, 94, 130, 170, 204, 219, 324, 331, 351, 358]",1.63,MLR,0.34,-0.75,-0.14,-0.75
"[222, 247, 378]",0.8,MLR,0.14,0.02,0.13,0.19
"[31, 140, 149, 162, 163, 170, 204, 247, 339, 384]",1.52,MLR,0.46,-0.05,-0.82,-0.65
"[131, 150, 186, 196, 275, 340]",1.08,MLR,0.12,-0.18,-0.19,-0.38
"[36, 85, 278, 328, 330]",1.06,MLR,0.16,-0.06,-0.67,-1.01
"[29, 50, 94, 121, 240, 370]",1.09,MLR,0.05,-0.3,-0.05,-0.19
"[73, 257, 308]",0.79,MLR,0.15,0.0,0.21,-0.3
"[13, 74, 120, 137, 187, 212]",1.12,MLR,0.21,-0.08,-0.56,-0.55
"[48, 67, 188, 330]",0.91,MLR,0.09,-0.1,-0.02,-0.1
"[19, 84, 107, 162]",0.9,MLR,0.19,0.06,-0.22,-0.29
"[24, 55, 122, 146, 270]",0.99,MLR,0.07,-0.15,-0.09,-0.12
"[18, 252, 344]",0.85,MLR,0.08,-0.07,-0.05,-0.07
"[54, 70, 316, 373]",0.93,MLR,0.03,-0.18,-0.01,-0.17
"[1, 56, 163, 254, 274]",1.0,MLR,0.04,-0.34,0.16,-0.6
"[14, 103, 137, 186, 303, 309, 340]",1.93,MLR,0.1,-1.62,-3.4,-3.08
"[11, 24, 35, 46, 126, 194, 204]",1.06,MLR,0.29,0.05,-0.06,0.15
"[47, 84, 136, 165, 243, 283]",1.13,MLR,0.15,-0.11,-0.58,-0.49
"[37, 178, 269]",0.79,MLR,0.18,0.03,0.18,0.39
"[182, 283, 343, 378]",0.9,MLR,0.06,-0.12,0.03,0.07
"[13, 226, 260, 363]",0.88,MLR,0.25,-0.02,0.0,0.29
"[6, 129, 352, 360]",0.95,MLR,0.14,-0.04,-0.43,-0.56
"[11, 141, 160]",0.82,MLR,0.15,0.07,-0.06,0.11
"[111, 138, 208, 224, 261, 288, 290, 344, 358, 360]",1.51,MLR,0.24,-0.14,-0.6,-1.97
"[11, 92, 96, 260, 324]",0.95,MLR,0.31,0.04,-0.15,-0.05
"[12, 112, 158, 208, 231, 300, 327]",1.21,MLR,0.05,-0.32,-0.27,-0.55
"[45, 189, 313, 352]",0.89,MLR,0.08,-0.08,0.05,-0.12
"[117, 180, 212]",0.97,MLR,0.12,-0.05,-0.98,-1.04
"[144, 228, 254, 277]",0.93,MLR,0.1,-0.14,-0.11,-0.34
"[5, 7, 16, 68, 81, 114, 150, 280, 282, 298]",1.79,MLR,0.11,-0.28,-1.81,-2.07
"[21, 71, 244]",0.85,MLR,0.15,0.02,-0.19,-0.36
"[9, 47, 121, 341]",0.93,MLR,0.05,-0.13,-0.12,0.04
"[21, 204, 230, 249, 291]",0.99,MLR,0.12,-0.19,-0.05,-1.24
"[19, 47, 103, 330, 350, 367]",1.14,MLR,0.11,-0.15,-0.56,-0.25
"[150, 197, 228, 239, 267, 284]",1.0,MLR,0.14,-0.12,0.19,0.35
"[128, 223, 260, 287, 346, 380]",1.09,MLR,0.31,-0.21,-0.22,0.03
"[46, 101, 265, 285, 315, 338, 368]",2.48,MLR,0.22,-0.34,-11.29,-13.12
"[58, 141, 146, 200, 202, 217, 380]",1.02,MLR,0.34,0.1,0.07,-0.25
"[111, 148, 190, 217, 265, 268, 283, 322, 329]",1.56,MLR,0.27,-0.2,-1.32,-1.12
"[129, 179, 223, 244, 246, 281, 294]",1.5,MLR,0.16,-0.35,-2.04,-0.93
"[2, 77, 97, 273, 326]",0.96,MLR,0.08,-0.16,0.1,-0.22
"[30, 88, 272, 316, 365]",1.03,MLR,0.05,-0.21,-0.27,-0.54
"[32, 143, 214, 221, 256, 257, 310]",1.07,MLR,0.3,-0.05,0.07,-0.02
"[8, 99, 130, 143, 162, 191, 200, 288, 312, 319, 372]",1.58,MLR,0.25,-0.27,-0.15,-0.19
"[3, 174, 199, 216, 322, 378]",1.13,MLR,0.17,-0.38,-0.11,-0.55
"[77, 101, 123, 159, 182, 235, 249, 321]",1.39,MLR,0.16,-0.81,0.03,-0.05
"[57, 90, 151, 288, 320]",1.04,MLR,0.08,-0.3,-0.14,-0.23
"[1, 85, 101, 162, 272, 317]",1.13,MLR,0.1,-0.46,-0.01,-0.18
"[62, 76, 102, 175, 296, 323]",1.33,MLR,0.14,-1.25,-0.02,-0.35
"[112, 197, 199]",0.94,MLR,0.03,-0.48,0.02,-0.01
"[25, 130, 135, 169, 185]",1.05,MLR,0.17,-0.02,-0.66,-0.52
"[5, 15, 69, 127, 210, 235, 275, 294, 319]",1.6,MLR,0.15,-0.25,-1.47,-1.29
"[95, 122, 160, 228]",0.9,MLR,0.03,-0.16,0.13,0.06
"[14, 184, 248, 259, 317, 342]",1.04,MLR,0.17,-0.1,-0.09,0.1
"[60, 66, 85, 357, 366]",1.0,MLR,0.06,-0.25,0.05,-0.18
"[16, 97, 100, 129, 130, 134, 172, 214, 250, 308, 355]",2.17,MLR,0.23,-0.95,-1.94,-1.31
"[128, 163, 184, 241, 364]",0.98,MLR,0.02,-0.24,0.12,-0.2
"[81, 168, 228, 331]",0.92,MLR,0.09,-0.14,-0.04,-0.29
"[17, 35, 97, 146, 159, 257, 267, 379]",1.15,MLR,0.27,-0.01,-0.02,0.36
"[11, 26, 67, 111, 230, 329, 332, 357, 374]",2.18,MLR,0.27,-1.65,-3.09,-4.75
"[23, 222, 241, 262]",0.9,MLR,0.26,-0.05,-0.04,0.18
"[95, 96, 221, 288, 365]",1.03,MLR,0.08,-0.29,-0.09,-0.2
"[32, 54, 60, 67, 144, 231, 310, 358]",1.24,MLR,0.17,-0.24,-0.11,0.36
"[170, 244, 285]",0.79,MLR,0.27,0.03,0.13,-0.55
"[53, 91, 160, 173, 182, 203, 229, 301]",1.33,MLR,0.12,-0.62,0.09,-0.76
"[3, 87, 113, 119, 171, 177, 211, 314, 315, 324]",1.62,MLR,0.43,-0.04,-1.29,-0.79
"[154, 216, 235, 294]",0.95,MLR,0.08,-0.19,-0.15,-0.48
"[45, 117, 268, 382]",0.92,MLR,0.09,-0.09,-0.16,-0.16
"[32, 99, 157, 159, 194, 195, 199, 203, 232, 240, 278, 310, 353]",2.16,MLR,0.45,-0.18,-1.48,-1.16
"[64, 72, 73, 130, 252, 271]",1.04,MLR,0.27,0.07,-0.39,-0.19
"[14, 36, 58, 186, 252, 270, 299]",1.19,MLR,0.3,-0.0,-0.68,0.01
"[91, 115, 195, 333, 369]",1.04,MLR,0.17,-0.16,-0.4,-0.16
"[94, 288, 323, 341, 347]",0.99,MLR,0.14,-0.12,-0.16,-0.13
"[19, 80, 85, 141, 165, 254, 305, 360]",1.12,MLR,0.34,0.01,0.1,-1.44
"[7, 12, 61, 91, 92, 126, 157, 202, 259, 320]",1.45,MLR,0.29,-0.21,-0.19,-0.21
"[36, 157, 173, 351]",0.85,MLR,0.16,-0.01,0.15,0.07
"[154, 204, 230, 336]",0.95,MLR,0.21,0.03,-0.51,0.01
"[15, 110, 300]",0.89,MLR,0.04,-0.13,-0.2,-0.0
"[77, 80, 122, 143, 207, 210, 221, 246, 262, 359]",1.48,MLR,0.37,-0.18,-0.4,-1.05
"[2, 92, 142, 160, 228, 296, 316, 343, 380]",1.3,MLR,0.17,-0.23,0.05,0.16
"[190, 242, 264, 272]",0.95,MLR,0.24,-0.31,0.03,0.25
"[132, 197, 234, 247, 367]",1.02,MLR,0.05,-0.2,-0.18,-0.46
"[41, 169, 331, 344, 376]",1.02,MLR,0.07,-0.19,-0.21,-0.34
"[2, 119, 151, 163, 180, 273]",1.02,MLR,0.24,-0.01,-0.09,-0.28
"[25, 242, 251]",3.31,MLR,0.24,-0.25,-39.94,-500.85
"[86, 134, 138, 361]",0.92,MLR,0.19,0.03,-0.3,-0.31
"[26, 72, 205, 212, 283, 310, 327, 343, 374]",1.55,MLR,0.17,-0.61,-0.57,-0.76
"[14, 39, 143, 240, 320]",1.06,MLR,0.07,-0.18,-0.49,-0.21
"[240, 293, 363]",0.85,MLR,0.03,-0.13,0.07,0.08
"[35, 203, 317]",0.85,MLR,0.02,-0.13,0.04,-0.11
"[33, 68, 129, 172, 207]",0.97,MLR,0.14,-0.14,0.01,-0.27
"[46, 51, 199, 209, 210, 304, 335]",1.5,MLR,0.14,-1.14,-0.75,-0.77
"[40, 114, 128, 136, 154, 178, 213, 216, 305, 313, 340]",1.69,MLR,0.3,-0.23,-0.72,-0.23
"[35, 85, 150, 250, 285, 355, 373]",1.46,MLR,0.17,-0.22,-2.01,-0.39
"[23, 38, 95, 127, 216, 367]",0.98,MLR,0.18,-0.14,0.33,0.31
"[203, 221, 280, 319]",0.92,MLR,0.08,-0.11,-0.09,-0.36
"[44, 78, 268, 303, 345]",1.15,MLR,0.18,-0.53,-0.48,-0.49
"[137, 191, 196, 204, 225, 258, 346]",1.27,MLR,0.14,-0.32,-0.61,-0.7
"[168, 169, 188, 209, 273, 289, 295, 318, 341]",1.42,MLR,0.16,-0.33,-0.36,-0.43
"[45, 228, 270, 275, 311, 318, 369]",1.06,MLR,0.29,-0.09,0.15,-0.15
"[16, 97, 100, 129, 130, 134, 172, 214, 250, 308, 355]",2.17,MLR,0.23,-0.95,-1.94,-1.31
"[144, 201, 267, 292, 361, 381]",1.07,MLR,0.22,-0.09,-0.28,-0.03
"[94, 140, 196, 278, 303, 348]",1.16,MLR,0.23,-0.08,-0.85,-1.39
"[72, 127, 357]",0.83,MLR,0.04,-0.11,0.16,0.12
"[122, 150, 230, 261, 285, 317]",2.68,MLR,0.15,-0.15,-16.45,-16.9
"[27, 41, 92, 200]",0.92,MLR,0.07,-0.09,-0.1,-0.1
"[24, 153, 163, 194, 247, 339]",1.15,MLR,0.19,-0.12,-0.72,-0.73
"[81, 168, 252, 279, 281, 307]",1.19,MLR,0.09,-0.23,-0.75,-0.13
"[68, 80, 132, 148, 288, 349]",1.13,MLR,0.14,-0.24,-0.37,-0.56
"[48, 115, 188, 331, 384]",1.1,MLR,0.15,-0.1,-0.85,-0.85
"[51, 90, 121, 183, 214, 239, 330, 332, 347]",1.96,MLR,0.2,-2.31,-0.28,0.01
"[11, 68, 74, 101, 154, 265, 275, 346]",1.49,MLR,0.22,-1.0,-0.23,-0.08
"[2, 52, 122, 209]",0.9,MLR,0.06,-0.15,0.09,-0.27
"[124, 191, 241]",0.85,MLR,0.02,-0.13,0.08,-0.02
"[39, 132, 288]",0.9,MLR,0.03,-0.15,-0.3,-0.25
"[59, 71, 86, 142, 225, 243, 369, 383]",1.27,MLR,0.04,-0.34,-0.07,-0.61
"[148, 187, 340, 377]",0.9,MLR,0.11,-0.15,0.1,-0.02
"[89, 257, 272, 274, 343]",0.94,MLR,0.17,-0.09,0.11,0.22
"[3, 39, 114, 134, 203]",1.03,MLR,0.1,-0.12,-0.36,-0.58
"[92, 137, 197, 229, 238, 320]",1.21,MLR,0.14,-0.11,-1.1,-1.15
"[83, 90, 246, 248, 253]",0.99,MLR,0.22,0.03,-0.41,-0.29
"[18, 53, 107, 146, 240, 258]",1.12,MLR,0.07,-0.23,-0.32,-0.32
"[28, 103, 372]",0.87,MLR,0.05,-0.12,-0.09,-0.19
"[30, 148, 165]",0.84,MLR,0.08,-0.05,-0.02,-0.03
"[38, 66, 165, 203, 239]",0.98,MLR,0.09,-0.14,-0.05,-0.07
"[121, 197, 270, 357, 372, 378]",0.97,MLR,0.33,0.06,0.0,0.18
"[6, 46, 65, 109, 140, 170, 323, 379]",1.32,MLR,0.38,-0.22,-0.56,-0.43
"[16, 79, 81, 145, 212, 286, 296, 330]",1.17,MLR,0.22,-0.07,-0.02,0.21
"[80, 99, 162, 293, 336, 358]",1.21,MLR,0.09,-0.26,-0.85,-1.14
"[83, 111, 141, 161, 179, 185, 267, 330, 355, 367]",1.3,MLR,0.55,0.33,-0.5,-0.35
"[23, 55, 109, 275, 293, 334, 349]",1.15,MLR,0.14,-0.18,-0.15,-0.19
"[85, 180, 235]",0.86,MLR,0.04,-0.12,-0.03,-0.09
"[9, 32, 33, 57, 63, 72, 75, 106, 111, 218, 254, 273, 280, 293]",2.64,MLR,0.48,0.08,-3.03,-3.77
"[144, 214, 237, 245, 324]",1.01,MLR,0.06,-0.17,-0.17,-0.33
"[2, 24, 42, 78, 124, 154, 171, 197, 218, 255, 257]",1.9,MLR,0.46,-0.97,-0.49,0.26
"[17, 33, 75, 101, 108, 155, 310]",1.32,MLR,0.2,-0.05,-1.36,-1.53
"[45, 174, 379]",0.84,MLR,0.07,-0.11,0.11,-0.19
"[138, 139, 339]",0.81,MLR,0.19,0.09,-0.07,-0.03
"[51, 63, 96, 243, 254, 347, 354]",1.36,MLR,0.06,-0.34,-1.13,-1.24
"[55, 101, 130, 152, 179, 232]",1.1,MLR,0.19,-0.27,-0.12,0.02
"[5, 24, 170, 203, 378, 382]",1.15,MLR,0.33,-0.13,-0.67,-0.17
"[183, 188, 200, 221, 230, 328, 373]",1.09,MLR,0.39,0.14,-0.37,-0.5
"[32, 53, 90, 252, 256]",1.03,MLR,0.13,-0.3,-0.11,-0.43
"[40, 64, 71, 335, 376]",1.12,MLR,0.2,-0.3,-0.7,-0.59
"[91, 99, 148, 214, 217]",1.0,MLR,0.07,-0.15,-0.17,-0.39
"[190, 254, 284, 289, 305, 377]",1.41,MLR,0.02,-1.69,0.11,0.13
"[18, 26, 126, 164, 202, 244, 303]",1.16,MLR,0.37,-0.3,-0.02,0.15
"[164, 285, 287]",0.83,MLR,0.21,0.04,-0.09,0.15
"[100, 110, 164, 200, 235, 281, 373]",0.96,MLR,0.33,0.09,0.36,-0.16
"[271, 294, 312, 338, 377]",0.97,MLR,0.21,-0.02,-0.19,-0.21
"[31, 68, 213, 237, 281, 362]",1.34,MLR,0.17,-0.09,-2.01,-1.19
"[43, 47, 54, 67, 85, 214, 229, 276, 380]",1.29,MLR,0.17,-0.2,0.03,-0.09
"[81, 83, 248, 274, 299]",0.97,MLR,0.2,-0.03,-0.15,-0.04
"[37, 66, 160, 206, 225, 291, 304, 334]",1.23,MLR,0.07,-0.34,0.15,-0.03
"[75, 119, 126, 149, 160, 206, 289, 370]",1.36,MLR,0.11,-0.4,-0.45,-0.62
"[24, 68, 70, 272, 303, 316, 339]",1.14,MLR,0.13,-0.29,0.09,-0.2
"[13, 22, 96, 139, 181, 233, 288]",1.26,MLR,0.11,-0.25,-0.67,-0.46
"[101, 141, 275, 280, 283]",1.09,MLR,0.21,-0.26,-0.56,0.01
"[51, 100, 169, 219, 249]",1.01,MLR,0.15,-0.11,-0.27,-0.58
"[31, 47, 108, 146, 226, 269, 313, 329]",1.25,MLR,0.38,0.14,-0.79,-0.26
"[64, 237, 254, 288]",0.96,MLR,0.15,-0.09,-0.41,-0.46
"[166, 171, 173, 267]",0.89,MLR,0.18,-0.04,0.01,0.06
"[31, 49, 59, 124, 198, 202, 299]",1.24,MLR,0.23,-0.17,-0.68,-0.89
"[103, 185, 199, 279, 292, 299, 328]",1.22,MLR,0.13,-0.22,-0.46,-0.39
"[49, 296, 379]",0.86,MLR,0.03,-0.13,-0.02,-0.06
"[5, 14, 96, 118, 232, 268, 270, 290, 364, 374]",1.98,MLR,0.21,-0.66,-2.25,-0.77
"[44, 63, 134, 280]",0.92,MLR,0.04,-0.12,-0.08,-0.15
"[100, 122, 125, 288, 329, 333, 339]",1.33,MLR,0.08,-0.84,-0.14,-0.4
"[49, 69, 132, 243, 350]",1.09,MLR,0.25,0.08,-1.13,-0.54
"[11, 13, 92, 107, 273, 342]",1.07,MLR,0.2,-0.05,-0.33,0.11
"[19, 83, 147, 158, 321, 383]",1.03,MLR,0.17,-0.06,-0.09,0.04
"[27, 74, 103, 191, 232, 234, 322]",1.1,MLR,0.26,0.02,-0.2,-0.16
"[43, 81, 283, 376]",0.94,MLR,0.06,-0.12,-0.2,-0.06
"[79, 81, 219, 226]",0.9,MLR,0.11,-0.12,0.02,-0.55
"[10, 48, 60, 66, 90, 103, 175, 251]",4.88,MLR,0.23,-0.47,-45.71,-539.11
"[10, 26, 59, 84, 105, 131, 145, 165, 277]",1.39,MLR,0.35,0.0,-0.8,-1.54
"[41, 53, 71, 77, 107, 109, 243]",1.11,MLR,0.21,-0.08,-0.1,-0.17
"[13, 177, 244, 297]",0.9,MLR,0.15,-0.05,-0.09,0.03
"[151, 177, 223, 237, 347, 357, 370]",1.16,MLR,0.05,-0.38,0.14,0.21
"[21, 31, 67, 120, 195, 327, 353, 382]",1.52,MLR,0.25,-0.06,-1.97,-1.15
"[130, 158, 195, 209, 254, 347, 372]",1.2,MLR,0.2,-0.15,-0.47,-0.24
"[67, 119, 135, 217, 233]",1.01,MLR,0.12,-0.09,-0.29,-0.57
"[158, 176, 261, 292, 297]",1.02,MLR,0.12,-0.23,-0.15,-0.12
"[34, 63, 156, 193, 198, 319, 357, 373]",1.42,MLR,0.37,0.01,-1.5,-0.99
"[63, 107, 187]",0.92,MLR,0.16,-0.09,-0.54,-0.32
"[78, 134, 329, 375]",0.99,MLR,0.07,-0.14,-0.5,-0.28
"[158, 199, 372]",0.95,MLR,0.04,-0.54,0.0,0.01
"[25, 129, 179, 234, 258, 270, 326, 346]",1.32,MLR,0.37,0.12,-1.11,-0.83
"[55, 77, 167, 225, 296]",0.97,MLR,0.14,-0.08,-0.07,0.13
"[69, 76, 199, 262, 353, 377]",1.4,MLR,0.45,-1.11,-0.74,-0.72
"[17, 24, 277]",0.85,MLR,0.13,0.01,-0.19,0.16
"[32, 48, 50, 194, 268, 274, 299]",1.22,MLR,0.36,0.07,-0.93,-1.04
"[11, 12, 54, 68, 192, 297, 368]",1.3,MLR,0.06,-0.31,-0.83,-0.45
"[95, 161, 240, 319]",0.9,MLR,0.05,-0.13,0.07,-0.14
"[47, 280, 329]",0.86,MLR,0.02,-0.11,-0.05,0.01
"[34, 103, 113, 242, 307, 308]",1.13,MLR,0.23,-0.01,-0.76,-1.39
"[58, 195, 260, 275, 354, 382]",1.02,MLR,0.28,-0.0,-0.14,-0.2
"[37, 43, 215, 260, 298]",1.04,MLR,0.31,-0.27,-0.21,-0.09
"[104, 174, 209]",0.85,MLR,0.07,-0.1,-0.02,-0.36
"[18, 21, 53, 87, 88]",1.04,MLR,0.23,0.01,-0.64,-0.68
"[44, 87, 107, 135, 151, 268, 317, 335, 383]",1.56,MLR,0.2,-0.48,-0.89,-0.95
"[89, 160, 173, 215, 217]",0.94,MLR,0.09,-0.15,0.19,-0.46
"[127, 167, 195, 300, 306, 367, 368]",1.12,MLR,0.43,0.21,-0.66,-0.72
"[172, 191, 194, 261, 317, 327, 359]",1.22,MLR,0.19,-0.53,0.06,-0.18
"[87, 129, 182, 267]",0.91,MLR,0.18,-0.29,0.26,0.29
"[29, 143, 176, 308, 349]",0.98,MLR,0.1,-0.15,-0.02,-0.03
"[6, 27, 34, 145, 239, 242, 262, 361]",1.31,MLR,0.47,-0.07,-0.76,-0.86
"[31, 40, 118, 360]",0.98,MLR,0.09,-0.11,-0.47,-0.37
"[95, 100, 106, 251, 263, 307]",2.27,MLR,0.15,-0.5,-10.42,-124.01
"[10, 27, 31, 50, 75, 128, 229, 288, 289, 319]",1.81,MLR,0.27,-0.67,-1.25,-1.15
"[64, 100, 142, 321, 342]",1.04,MLR,0.18,0.0,-0.64,-0.68
"[122, 129, 136, 195, 230, 232, 233, 257, 315]",1.36,MLR,0.27,-0.13,-0.4,-0.19
"[115, 194, 261, 303, 333, 368]",1.02,MLR,0.15,-0.2,0.22,0.06
"[99, 116, 210, 284, 322, 338, 350]",1.2,MLR,0.13,-0.21,-0.37,-0.35
"[149, 152, 240, 373]",0.85,MLR,0.2,0.01,0.11,-0.13
"[7, 8, 132, 167, 375]",1.04,MLR,0.19,-0.03,-0.6,-0.38
"[215, 229, 328]",0.89,MLR,0.01,-0.16,-0.17,-0.18
"[12, 74, 85, 213, 269]",0.91,MLR,0.29,0.08,-0.02,0.16
"[4, 5, 90, 101, 157, 320]",1.29,MLR,0.19,-0.78,-0.54,-0.46
"[23, 159, 237, 293, 365]",1.0,MLR,0.06,-0.2,-0.08,-0.18
"[12, 13, 41, 44, 92, 94, 115, 121, 165, 202, 222, 270, 282, 336, 339, 340]",3.14,MLR,0.34,-0.67,-1.64,-2.11
"[79, 82, 118, 202, 205, 208, 224, 350]",1.32,MLR,0.2,-0.2,-0.58,-0.77
"[118, 122, 182, 251]",2.28,MLR,0.1,-0.5,-14.57,-168.06
"[164, 173, 174, 323]",0.86,MLR,0.27,0.08,-0.03,-0.04
"[1, 23, 191, 217, 226, 272]",1.19,MLR,0.24,-0.04,-1.11,-0.63
"[47, 137, 218, 280]",1.04,MLR,0.12,-0.07,-0.98,-0.82
"[52, 175, 287, 327, 336]",1.02,MLR,0.14,-0.29,-0.06,-0.66
"[28, 213, 258, 267, 303, 306]",0.98,MLR,0.23,-0.04,0.17,0.16
"[35, 59, 79, 104]",0.92,MLR,0.09,-0.09,-0.13,-0.27
"[27, 68, 236, 269, 309, 371]",0.98,MLR,0.3,0.09,-0.07,0.05
"[94, 224, 281, 339, 382]",1.16,MLR,0.07,-0.23,-1.11,-0.44
"[91, 219, 259, 371]",0.91,MLR,0.08,-0.14,0.01,-0.45
"[17, 103, 154, 261, 282, 297, 318, 370]",1.15,MLR,0.34,0.06,-0.18,0.07
"[112, 139, 158, 175, 258, 368, 374]",1.12,MLR,0.11,-0.26,0.12,-0.38
"[41, 81, 83, 150, 290, 330, 368, 373]",1.26,MLR,0.12,-0.33,-0.03,-0.19
"[62, 71, 125, 172, 186, 280, 372]",1.21,MLR,0.12,-0.34,-0.23,-0.16
"[151, 198, 261, 277, 361]",0.95,MLR,0.18,-0.02,-0.08,-0.21
"[13, 56, 69, 92, 167, 198, 298]",1.11,MLR,0.33,0.06,-0.35,0.26
"[109, 175, 278, 317, 357, 376]",1.12,MLR,0.19,-0.17,-0.4,-0.96
"[101, 125, 144, 275, 316, 326, 366]",1.15,MLR,0.09,-0.28,0.04,-0.26
"[26, 101, 108, 279, 320]",1.05,MLR,0.06,-0.26,-0.28,-0.24
"[177, 223, 281]",1.13,MLR,0.08,-0.07,-2.27,-1.34
"[8, 201, 232, 319, 381]",1.03,MLR,0.12,-0.12,-0.35,-0.45
"[0, 53, 110, 213, 221, 300, 312, 337, 368]",1.46,MLR,0.11,-0.41,-0.44,-0.82
"[43, 92, 107, 123, 147, 197, 288, 302]",1.23,MLR,0.16,-0.17,-0.16,-0.16
"[179, 181, 202, 290]",1.07,MLR,0.05,-0.65,-0.25,-0.35
"[58, 144, 156, 222, 271, 298, 304]",1.05,MLR,0.32,0.05,-0.01,0.35
"[26, 197, 248, 287, 311]",1.04,MLR,0.15,-0.43,0.04,0.29
"[95, 129, 153, 216, 220, 233, 286]",1.24,MLR,0.15,-0.16,-0.67,-0.19
"[80, 90, 99, 113, 234, 378]",0.98,MLR,0.09,-0.19,0.38,-0.19
"[8, 61, 123, 236, 299, 329]",1.06,MLR,0.21,-0.03,-0.31,-0.27
"[81, 91, 111, 130, 174, 348]",1.13,MLR,0.1,-0.44,-0.02,-1.64
"[33, 97, 98, 240, 286, 324, 373, 384]",1.42,MLR,0.24,-0.04,-1.41,-1.88
"[31, 254, 377]",0.87,MLR,0.05,-0.12,-0.08,0.04
"[96, 148, 184, 187, 198, 271, 279, 287, 376, 379]",1.5,MLR,0.33,-0.41,-0.1,-0.49
"[172, 217, 286, 319, 327, 365]",1.06,MLR,0.14,-0.16,-0.07,-0.53
"[50, 56, 115, 126, 165, 202, 230, 308, 316]",1.47,MLR,0.14,-0.3,-0.69,-0.8
"[120, 214, 246, 338, 340, 342, 352]",1.17,MLR,0.18,-0.2,-0.25,-0.13
"[50, 120, 123, 139, 147, 282]",1.11,MLR,0.03,-0.23,-0.26,-0.35
"[81, 170, 172, 186, 197, 319, 332]",0.97,MLR,0.4,0.16,0.17,-0.26
"[71, 256, 315, 325, 338]",1.09,MLR,0.16,-0.13,-0.79,-0.62
"[20, 76, 249, 348, 380]",1.16,MLR,0.15,-0.46,-0.67,-0.81
"[3, 56, 81, 131]",0.91,MLR,0.05,-0.14,0.05,-0.14
"[23, 39, 100, 144, 254, 340]",1.12,MLR,0.04,-0.37,-0.09,-0.49
"[20, 83, 127, 276, 308, 341]",1.02,MLR,0.21,-0.05,-0.05,-0.41
"[9, 147, 178, 212, 218]",1.0,MLR,0.17,-0.08,-0.26,-0.35
"[35, 133, 149, 262, 340]",0.95,MLR,0.22,-0.08,0.01,-0.16
"[45, 189, 228]",0.9,MLR,0.03,-0.37,0.07,0.06
"[161, 178, 197, 238, 283]",1.02,MLR,0.09,-0.25,-0.11,0.28
"[1, 105, 111, 149, 155, 171, 197, 324, 330, 359]",1.46,MLR,0.51,0.11,-0.81,-0.45
"[42, 75, 148, 154, 227, 234, 242, 245, 248, 269, 383]",1.7,MLR,0.38,-0.48,-0.34,0.28
"[101, 132, 240, 279, 349]",1.0,MLR,0.06,-0.18,-0.11,-0.31
"[23, 33, 70, 147, 305, 324, 332]",1.26,MLR,0.23,-0.41,-0.39,-0.95
"[19, 36, 80, 130, 214, 219, 256, 275]",1.18,MLR,0.31,-0.03,-0.15,0.26
"[55, 96, 102, 152, 374]",0.97,MLR,0.19,0.03,-0.25,-0.29
"[19, 77, 79, 158, 185, 233, 252, 262, 339]",1.21,MLR,0.38,-0.13,0.28,0.26
"[29, 57, 98, 230, 322]",1.06,MLR,0.09,-0.19,-0.45,-0.22
"[34, 150, 229, 265, 338, 363]",1.15,MLR,0.19,-0.24,-0.53,-0.69
"[173, 327, 380]",0.83,MLR,0.17,-0.01,-0.01,-0.45
"[65, 117, 138, 152, 222, 330]",0.97,MLR,0.35,0.16,-0.13,-0.04
"[29, 108, 114, 202, 339, 362]",1.18,MLR,0.18,-0.03,-1.03,-0.85
"[202, 221, 250, 343]",0.91,MLR,0.13,-0.11,-0.01,-0.13
"[58, 134, 180, 311, 343]",0.97,MLR,0.08,-0.15,0.04,-0.11
"[24, 106, 289, 331]",0.98,MLR,0.15,-0.12,-0.49,-0.64
"[77, 111, 116, 132, 220, 266, 299, 311, 320]",1.56,MLR,0.22,-0.49,-0.83,-1.19
"[110, 114, 124, 129, 181, 206, 215, 244, 291, 353]",1.76,MLR,0.14,-0.29,-1.63,-1.04
"[11, 59, 137, 214, 224]",1.25,MLR,0.07,-0.18,-1.81,-2.21
"[22, 28, 117, 131, 248]",1.0,MLR,0.21,-0.15,-0.15,0.26
"[121, 148, 198, 232, 257, 329, 381]",1.17,MLR,0.29,-0.09,-0.4,-0.97
"[6, 14, 74, 111, 209, 232, 324]",1.36,MLR,0.14,-0.23,-1.32,-0.47
"[23, 34, 38, 92, 234, 244, 286, 346]",1.14,MLR,0.34,0.16,-0.29,-0.57
"[6, 25, 96, 142, 151, 183, 204, 263, 279, 288, 355]",1.59,MLR,0.32,-0.11,-0.48,-0.36
"[37, 62, 114, 180, 184, 303, 317, 380]",1.94,MLR,0.31,-2.68,-0.58,-0.04
"[6, 32, 64, 83, 180, 240, 342, 380]",1.3,MLR,0.17,-0.1,-0.65,-0.69
"[3, 51, 119, 167, 312]",0.95,MLR,0.27,0.06,-0.2,-0.03
"[33, 185, 229]",1.02,MLR,0.26,0.16,-1.72,-1.9
"[37, 66, 218, 224, 237, 263]",1.1,MLR,0.17,-0.22,-0.22,-0.2
"[79, 99, 244, 368]",0.87,MLR,0.07,-0.12,0.21,0.03
"[44, 77, 133, 213, 236, 246, 287, 289]",1.3,MLR,0.06,-0.43,-0.08,-0.59
"[46, 159, 214, 291, 307, 317]",1.05,MLR,0.15,-0.09,-0.14,-1.04
"[2, 11, 13, 17, 86, 354, 362]",1.44,MLR,0.11,-0.19,-1.93,-2.35
"[114, 207, 291]",0.85,MLR,0.03,-0.12,0.05,-0.75
"[114, 153, 160, 263, 321]",0.99,MLR,0.07,-0.17,-0.03,-0.02
"[0, 17, 159, 163, 167, 198, 213, 280, 327]",1.43,MLR,0.29,-0.45,-0.21,0.37
"[156, 206, 308, 311, 317]",0.92,MLR,0.25,0.05,-0.0,0.37
"[75, 124, 176, 197, 257, 335, 370]",1.2,MLR,0.31,-0.06,-0.63,-0.74
"[51, 340, 355]",0.86,MLR,0.08,-0.07,-0.09,-0.13
"[44, 69, 88, 96, 131, 180, 369]",1.33,MLR,0.24,-0.5,-0.67,-0.14
"[5, 114, 126, 160, 165, 297, 353]",1.39,MLR,0.17,-0.12,-1.72,-1.33
"[79, 235, 291, 344, 357, 360]",0.98,MLR,0.14,-0.12,0.3,-0.76
"[53, 114, 203, 250, 336, 352, 379]",1.08,MLR,0.22,-0.08,0.03,0.02
"[91, 180, 194, 224, 273, 286, 290, 369, 371]",1.41,MLR,0.16,-0.37,-0.24,-0.34
"[12, 39, 106, 118, 149, 268, 307, 338]",1.3,MLR,0.21,-0.19,-0.48,-0.4
"[16, 50, 121, 132, 267]",0.95,MLR,0.39,0.24,-0.54,0.0
"[40, 101, 179, 207, 240, 264, 271, 285, 323, 352, 360]",2.9,MLR,0.42,-0.2,-8.07,-6.04
"[39, 87, 98, 104, 139, 160, 265]",1.16,MLR,0.2,-0.08,-0.36,-0.27
"[10, 107, 167, 192]",0.82,MLR,0.23,0.08,0.2,0.25
"[7, 95, 201, 203, 217]",0.94,MLR,0.13,-0.16,0.19,0.19
"[42, 155, 320]",0.87,MLR,0.08,-0.08,-0.14,-0.18
"[83, 123, 201, 244, 257, 311, 339, 380]",1.04,MLR,0.45,0.14,0.21,-0.14
"[10, 61, 63, 72, 151]",0.97,MLR,0.06,-0.14,0.02,0.06
"[0, 40, 91, 107, 128, 276, 357, 360]",1.32,MLR,0.05,-0.36,-0.34,-0.2
"[23, 26, 30, 58, 70, 159, 162, 204, 318, 349, 356]",2.15,MLR,0.29,-1.66,-0.66,-0.36
"[17, 103, 177, 199, 311]",1.08,MLR,0.09,-0.49,-0.07,0.25
"[199, 220, 324]",0.91,MLR,0.07,-0.26,-0.18,-0.14
"[24, 62, 69, 103, 172, 181, 279]",1.23,MLR,0.29,0.01,-0.93,-0.43
"[26, 137, 185, 341]",1.22,MLR,0.19,-1.15,-0.59,-0.5
"[72, 125, 362, 379, 380]",0.92,MLR,0.16,-0.05,0.18,-0.07
"[49, 79, 351]",0.86,MLR,0.07,-0.08,-0.08,-0.24
"[86, 129, 130, 145, 267]",0.89,MLR,0.4,0.24,-0.18,-0.29
"[52, 100, 275, 333, 366]",1.05,MLR,0.1,-0.23,-0.3,-0.45
"[23, 86, 141, 180, 280, 281, 324]",1.15,MLR,0.49,0.28,-0.9,-0.28
"[52, 89, 91, 102, 134, 219, 240]",1.18,MLR,0.15,-0.24,-0.19,-0.45
"[112, 202, 208, 234, 238, 284, 320, 340]",1.43,MLR,0.12,-0.27,-1.09,-1.21
"[86, 185, 202, 241, 324]",0.98,MLR,0.11,-0.13,-0.07,-0.37
"[4, 188, 216, 233, 299, 311]",1.22,MLR,0.18,-0.13,-1.14,-1.21
"[203, 217, 295, 323]",0.96,MLR,0.12,-0.11,-0.35,-0.61
"[20, 26, 115, 238, 239, 382]",1.13,MLR,0.02,-0.51,0.08,0.03
"[11, 67, 200, 267, 290, 314, 380]",1.02,MLR,0.27,0.06,0.1,0.38
"[61, 72, 125, 134, 304]",0.98,MLR,0.1,-0.13,-0.08,-0.13
"[132, 158, 204, 239, 311, 335, 349, 350, 355, 371]",1.57,MLR,0.14,-0.32,-0.58,-0.54
"[40, 62, 88, 281]",1.07,MLR,0.08,-0.16,-1.06,-0.53
"[44, 71, 129, 285, 361, 378]",2.25,MLR,0.26,-0.0,-11.0,-9.81
"[69, 75, 77]",0.94,MLR,0.25,0.13,-1.0,-0.47
"[67, 72, 116, 159, 181, 194, 313, 369, 371]",1.23,MLR,0.23,-0.13,0.18,0.25
"[22, 31, 41, 138, 324]",0.98,MLR,0.22,0.05,-0.33,-0.3
"[10, 35, 103, 153, 180, 209, 352, 356, 379, 384]",1.44,MLR,0.21,-0.11,-0.33,0.03
"[146, 224, 331]",0.92,MLR,-0.01,-0.21,-0.31,-0.27
"[93, 125, 216, 278, 304, 324]",1.12,MLR,0.14,-0.13,-0.48,-0.89
"[15, 30, 77, 102, 111, 217, 248]",1.23,MLR,0.22,-0.21,-0.54,0.03
"[22, 167, 301, 353, 360, 374]",1.19,MLR,0.32,0.01,-1.14,-0.63
"[247, 289, 312, 367]",0.92,MLR,0.05,-0.13,-0.06,0.02
"[87, 138, 176, 208, 213, 352]",1.05,MLR,0.19,-0.06,-0.24,-0.27
"[59, 98, 130, 189, 284, 335]",1.2,MLR,0.15,-0.18,-0.93,-0.97
"[8, 27, 235]",0.86,MLR,0.11,-0.03,-0.18,-0.25
"[93, 116, 153, 200, 244, 246, 259, 271, 300, 336]",1.52,MLR,0.28,-0.14,-0.66,-0.61
"[22, 33, 233, 293, 322]",1.0,MLR,0.17,-0.12,-0.2,-1.09
"[24, 242, 275, 319, 350, 353, 364]",1.36,MLR,0.23,-0.13,-1.48,-1.11
"[100, 109, 175, 333, 341]",0.95,MLR,0.1,-0.15,0.18,-0.23
"[72, 213, 301, 306]",0.91,MLR,0.08,-0.11,-0.05,-0.15
"[47, 108, 120, 130, 218, 280]",1.08,MLR,0.06,-0.19,-0.18,-0.4
"[122, 191, 211, 252, 262, 266]",1.1,MLR,0.39,-0.31,-0.07,-0.08
"[144, 169, 253, 324]",0.99,MLR,0.21,0.01,-0.77,-1.57
"[89, 106, 212, 226, 302, 330, 345, 349]",1.31,MLR,0.14,-0.26,-0.4,-0.61
"[6, 97, 343]",0.96,MLR,0.09,-0.06,-0.85,-0.86
"[115, 277, 329, 347, 368]",1.03,MLR,0.09,-0.19,-0.25,-0.44
"[48, 213, 262, 311, 317, 323, 352]",1.14,MLR,0.25,-0.3,0.12,-0.0
"[13, 130, 241, 278]",0.83,MLR,0.18,-0.01,0.28,-0.06
"[194, 211, 274, 363]",0.98,MLR,0.12,-0.09,-0.55,-0.33
"[54, 83, 149, 207, 369]",1.0,MLR,0.06,-0.24,-0.01,-0.37
"[19, 84, 107, 162]",0.9,MLR,0.19,0.06,-0.22,-0.29
"[2, 29, 39, 85, 117, 131, 150, 257, 356, 368, 372]",1.43,MLR,0.46,0.16,-0.3,-1.51
"[55, 83, 130, 309, 364, 373, 378]",1.1,MLR,0.2,-0.11,0.0,-0.25
"[51, 73, 83, 123, 176, 241]",1.08,MLR,0.1,-0.21,-0.1,-0.34
"[63, 168, 261, 343, 369]",0.98,MLR,0.09,-0.2,0.05,-0.07
"[27, 116, 200, 272]",0.94,MLR,0.09,-0.16,-0.16,-0.52
"[91, 135, 225, 336, 339]",1.04,MLR,0.11,-0.35,-0.06,-0.2
"[1, 63, 89, 127, 142, 237]",1.04,MLR,0.12,-0.12,-0.04,0.06
"[15, 109, 136, 159, 215, 261, 303, 327]",1.29,MLR,0.16,-0.16,-0.52,-0.56
"[5, 25, 50, 101, 145, 159, 186, 247, 267, 293, 351, 370]",2.63,MLR,0.33,-2.46,-1.0,-1.19
"[20, 98, 129, 192, 209, 265, 311, 353]",1.44,MLR,0.15,-0.33,-1.06,-0.52
"[112, 145, 170, 268]",0.87,MLR,0.36,0.07,-0.07,-0.05
"[47, 76, 137, 154, 275]",0.98,MLR,0.26,0.08,-0.42,-0.12
"[71, 166, 191, 272, 292, 382]",1.22,MLR,0.15,-0.26,-0.92,-0.89
"[235, 312, 313, 324, 354, 376]",1.11,MLR,0.1,-0.21,-0.32,-0.61
"[77, 108, 109, 188, 201, 245, 272, 281, 298]",1.83,MLR,0.27,-0.29,-2.82,-1.77
"[22, 91, 192, 214, 305, 312]",1.18,MLR,0.18,-0.04,-1.01,-0.61
"[29, 263, 368]",0.84,MLR,0.06,-0.09,0.03,0.07
"[1, 88, 159, 233, 263, 295]",1.07,MLR,0.08,-0.23,-0.02,-0.15
"[17, 56, 92, 102, 134, 236, 270, 316]",1.34,MLR,0.13,-0.26,-0.59,-0.44
"[38, 244, 270, 314]",0.87,MLR,0.22,0.1,-0.12,0.07
"[14, 57, 70, 187, 231, 282, 316, 365, 379]",1.59,MLR,0.2,-0.21,-1.47,-0.59
"[37, 96, 146, 153, 378]",1.02,MLR,-0.05,-0.33,-0.01,-0.09
"[103, 174, 190, 198, 237, 300]",1.05,MLR,0.24,-0.01,-0.3,-0.8
"[3, 19, 131, 151, 168, 252, 289]",1.11,MLR,0.25,-0.09,-0.06,-0.04
"[69, 77, 116, 280, 315]",1.0,MLR,0.27,0.08,-0.51,-0.51
"[163, 238, 254, 320]",0.91,MLR,0.04,-0.19,0.11,-0.15
"[29, 117, 147, 238, 249]",1.0,MLR,0.12,-0.16,-0.11,-0.23
"[169, 177, 179, 189, 279, 344]",2.52,MLR,0.18,-8.54,-0.16,-0.28
"[11, 90, 156, 209, 271, 316, 341]",1.1,MLR,0.28,-0.15,0.08,0.35
"[47, 138, 347]",0.96,MLR,0.14,-0.03,-0.9,-0.88
"[62, 157, 212, 225, 233, 261, 294, 349]",1.29,MLR,0.14,-0.46,0.04,0.26
"[7, 28, 88, 158, 184]",1.12,MLR,0.15,-0.59,-0.17,0.18
"[65, 90, 149, 198, 222, 334, 339]",1.14,MLR,0.13,-0.21,-0.08,-0.8
"[45, 95, 139, 264, 292, 340, 360]",1.51,MLR,0.36,-0.34,-2.15,-1.63
"[270, 285, 301, 311]",2.56,MLR,0.18,0.02,-20.23,-24.04
"[17, 137, 157, 181, 211, 310, 336, 359]",1.36,MLR,0.24,-0.2,-0.83,-0.82
"[37, 61, 78, 190, 248, 250]",1.14,MLR,0.2,-0.75,0.45,0.36
"[54, 110, 124, 141, 276, 287, 312]",1.11,MLR,0.19,-0.13,-0.01,-0.55
"[43, 126, 169, 247, 308, 357, 361, 373]",1.24,MLR,0.14,-0.22,-0.13,-0.16
"[9, 86, 110, 206, 207, 227]",1.14,MLR,0.11,-0.28,-0.36,-0.18
"[5, 46, 177, 294, 315, 328, 333, 350]",2.48,MLR,0.04,-4.88,-1.79,-1.29
"[20, 56, 131, 154, 169, 187, 198, 317, 318, 353]",1.62,MLR,0.41,-0.52,-0.5,0.29
"[55, 97, 116, 144, 265, 287, 365]",1.2,MLR,0.08,-0.27,-0.3,-0.62
"[20, 52, 109, 199, 263, 302]",1.22,MLR,0.09,-0.64,-0.31,-0.46
"[0, 11, 41, 133, 204, 372]",1.11,MLR,0.18,-0.14,-0.4,-0.27
"[38, 117, 259, 270, 283]",1.04,MLR,0.23,0.0,-0.63,-0.16
"[38, 305, 375]",0.86,MLR,0.01,-0.12,-0.04,-0.14
"[8, 76, 99, 113, 133, 158, 203, 218, 321]",1.5,MLR,0.04,-0.38,-0.74,-1.0
"[74, 81, 93, 103, 149, 267]",1.0,MLR,0.29,0.07,-0.17,-0.06
"[19, 34, 104, 126, 130, 191, 214, 305]",1.36,MLR,0.34,0.06,-1.23,-1.81
"[107, 245, 276, 310, 363, 381]",1.03,MLR,0.1,-0.18,0.09,0.06
"[28, 84, 143, 335, 350]",1.12,MLR,0.18,-0.14,-0.98,-1.03
"[15, 48, 148, 365]",0.93,MLR,0.05,-0.13,-0.11,-0.03
"[32, 33, 85, 94, 215, 255, 328]",1.32,MLR,0.31,0.06,-1.56,-2.19
"[75, 84, 152, 201]",0.86,MLR,0.34,0.06,0.0,-0.01
"[4, 146, 171, 261, 373]",0.93,MLR,0.24,0.0,-0.0,0.24
"[121, 262, 280, 346, 370]",0.94,MLR,0.28,0.04,-0.1,0.04
"[16, 57, 123, 132, 181, 212, 279, 288, 328, 329, 331, 340]",2.76,MLR,0.07,-2.96,-0.94,-1.69
"[59, 209, 247, 354]",0.98,MLR,0.09,-0.08,-0.52,-0.41
"[237, 247, 365]",0.87,MLR,0.01,-0.16,-0.05,0.02
"[62, 334, 336, 378]",1.0,MLR,0.07,-0.15,-0.58,-0.6
"[71, 79, 111, 170, 172, 216, 222, 340, 354, 356]",1.36,MLR,0.53,0.16,-0.45,-0.75
"[54, 59, 95, 107, 110, 176, 221, 279, 300, 314]",1.58,MLR,-0.03,-0.58,-0.19,-0.58
"[52, 69, 156, 201, 245, 324]",1.1,MLR,0.39,0.18,-0.89,-0.17
"[169, 194, 203, 250, 319]",0.95,MLR,0.16,-0.08,0.01,0.03
"[2, 33, 95, 167, 288, 340]",1.16,MLR,0.31,-0.03,-0.91,-0.89
"[9, 54, 96, 157, 224, 275]",1.13,MLR,0.2,-0.23,-0.4,-0.01
"[3, 38, 59, 185, 203, 239, 266, 304]",1.3,MLR,0.11,-0.37,-0.16,-0.38
"[140, 144, 184, 207, 223]",1.08,MLR,0.06,-0.42,-0.2,-0.23
"[66, 219, 250, 310, 342]",0.98,MLR,0.11,-0.12,-0.11,0.18
"[12, 29, 115, 169, 182, 220]",1.16,MLR,0.16,-0.49,-0.11,-0.04
"[9, 77, 155, 347, 348]",0.92,MLR,0.13,-0.03,0.11,0.19
"[23, 74, 151, 161, 230, 242]",1.18,MLR,0.14,-0.64,0.0,0.05
"[30, 99, 159, 175, 179, 193, 239, 294, 356]",1.35,MLR,0.33,0.01,-0.62,-0.25
"[223, 231, 324, 351]",0.96,MLR,0.13,-0.06,-0.42,-0.28
"[237, 341, 342]",0.87,MLR,0.02,-0.11,-0.12,0.02
"[10, 137, 151, 171, 177, 187, 223, 360, 367, 376, 377]",1.56,MLR,0.46,0.1,-0.72,-0.77
"[89, 252, 256]",0.86,MLR,0.08,-0.1,-0.05,-0.37
"[52, 165, 182, 243, 377]",0.95,MLR,0.06,-0.11,0.08,0.04
"[0, 14, 218, 222, 311]",1.09,MLR,0.16,-0.18,-0.68,-0.16
"[48, 154, 314, 348, 351, 353]",1.18,MLR,0.2,-0.08,-0.94,-0.58
"[72, 85, 182, 308, 374]",0.96,MLR,0.12,-0.08,-0.04,-0.09
"[147, 154, 158, 190, 230, 251, 381]",3.84,MLR,0.19,-0.08,-32.14,-391.41
"[38, 139, 319]",0.83,MLR,0.1,0.0,-0.06,-0.69
"[97, 235, 251, 253, 332]",2.99,MLR,0.21,-1.72,-21.98,-259.25
"[19, 44, 93, 215, 294, 307, 313, 332, 349, 379]",1.54,MLR,0.32,-0.13,-0.78,-0.58
"[9, 14, 20, 193, 343]",1.01,MLR,0.07,-0.23,-0.08,0.1
"[1, 93, 140, 231]",0.91,MLR,0.06,-0.12,0.01,-0.08
"[13, 158, 167, 232, 243, 249, 275, 297]",1.12,MLR,0.45,0.2,-0.25,0.05
"[23, 40, 237, 264, 270, 373]",1.05,MLR,0.31,-0.13,-0.08,-0.08
"[51, 70, 97, 128, 183, 230]",1.19,MLR,0.11,-0.17,-0.87,-1.48
"[19, 22, 69, 130, 182, 248]",1.09,MLR,0.33,0.05,-0.61,0.06
"[7, 41, 84, 175, 253, 287]",1.16,MLR,0.42,0.26,-1.4,-1.5
"[65, 140, 143, 188, 214, 336, 376]",1.2,MLR,0.1,-0.27,-0.29,-0.59
"[2, 66, 68, 164, 207, 239, 325, 354, 372]",1.34,MLR,0.37,-0.09,-0.39,0.3
"[8, 15, 44, 63, 374]",1.12,MLR,0.1,-0.14,-0.97,-1.23
"[105, 208, 264, 269, 296, 368]",1.01,MLR,0.24,-0.04,-0.01,0.33
"[7, 59, 236, 260, 349, 354]",1.07,MLR,0.25,-0.03,-0.36,-0.29
"[100, 105, 118, 173, 199, 217, 241]",1.19,MLR,0.14,-0.45,0.06,-0.75
"[55, 63, 163, 167]",0.89,MLR,0.16,-0.01,-0.08,0.19
"[49, 222, 290, 325]",0.89,MLR,0.05,-0.1,0.05,-0.07
"[83, 121, 214, 221, 382]",1.02,MLR,0.07,-0.12,-0.33,-0.22
"[5, 9, 91, 144, 183]",1.21,MLR,0.1,-0.19,-1.51,-1.19
"[104, 199, 217, 299, 358]",1.06,MLR,0.12,-0.19,-0.5,-0.18
"[9, 93, 281, 372]",1.09,MLR,0.09,-0.09,-1.3,-0.41
"[147, 183, 279]",0.84,MLR,0.04,-0.11,0.08,0.0
"[6, 20, 93, 192, 323, 381]",1.22,MLR,0.12,-0.13,-1.12,-1.16
"[21, 190, 220, 324]",0.95,MLR,0.06,-0.18,-0.15,-0.19
"[117, 156, 252, 269, 275, 316, 323, 332, 381, 384]",1.39,MLR,0.45,-0.21,0.06,0.13
"[154, 199, 227, 332, 369]",1.21,MLR,0.13,-1.02,-0.12,0.02
"[10, 68, 350]",0.85,MLR,0.06,-0.1,-0.02,0.0
"[80, 113, 160, 167, 285, 359]",1.35,MLR,0.18,-0.17,-1.96,-1.03
"[39, 61, 214, 358, 382]",1.0,MLR,0.06,-0.2,-0.08,-0.4
"[86, 207, 342]",0.87,MLR,0.01,-0.13,-0.11,0.05
"[28, 29, 120, 132, 170, 366]",1.03,MLR,0.38,0.07,-0.29,-0.23
"[77, 108, 171, 288, 375]",0.86,MLR,0.3,0.13,0.18,0.29
"[89, 114, 184, 228, 299, 342]",1.16,MLR,0.17,-0.35,-0.39,-0.23
"[14, 36, 66, 93, 142, 161, 184, 187, 227, 252, 359, 368]",2.35,MLR,0.37,-0.62,-2.5,-1.98
"[33, 48, 204, 250]",0.86,MLR,0.17,-0.03,0.16,-0.04
"[84, 316, 352]",0.85,MLR,0.11,-0.03,-0.09,-0.14
"[34, 60, 96, 284, 341, 381]",1.19,MLR,0.26,0.02,-1.22,-1.62
"[12, 46, 219, 303, 374]",0.96,MLR,0.1,-0.15,0.08,-0.47
"[3, 115, 126, 352, 371]",0.96,MLR,0.09,-0.17,0.1,-0.18
"[15, 35, 74, 84, 115, 125, 145, 325, 331, 364, 375]",1.79,MLR,0.25,-0.14,-1.31,-1.15
"[80, 228, 279, 331, 356]",1.01,MLR,0.2,-0.02,-0.43,-0.34
"[27, 47, 64, 193, 194, 225, 257, 273, 367]",1.41,MLR,0.32,0.01,-0.9,-0.73
"[2, 101, 248, 363, 367]",1.14,MLR,0.2,-0.69,-0.14,0.09
"[21, 60, 102, 140, 155, 188, 230, 296, 338]",1.78,MLR,0.23,-1.52,-0.42,-0.36
"[14, 19, 35, 137, 361]",1.24,MLR,0.22,0.04,-2.13,-1.64
"[27, 49, 70, 134, 215, 251]",2.33,MLR,0.14,-0.19,-11.73,-121.46
"[65, 191, 206, 220, 246, 274]",1.11,MLR,0.06,-0.35,-0.06,-0.12
"[33, 191, 197, 232, 259, 280, 360]",1.38,MLR,0.27,-0.04,-1.77,-1.65
"[65, 103, 148, 173, 254, 313, 331, 371, 378]",1.31,MLR,0.27,-0.04,-0.31,-0.6
"[0, 52, 170, 181, 198, 228]",1.1,MLR,0.35,-0.21,-0.23,0.14
"[29, 70, 109, 284]",0.94,MLR,0.06,-0.11,-0.24,-0.26
"[14, 216, 262, 290, 361, 382]",1.08,MLR,0.28,0.03,-0.56,-0.03
"[98, 105, 109, 170, 199, 244, 333]",1.29,MLR,0.3,-0.55,-0.34,-0.5
"[121, 138, 161, 247, 356, 367]",0.99,MLR,0.31,0.12,-0.17,-0.16
"[50, 87, 253]",1.02,MLR,0.18,-0.6,-0.43,-0.37
"[21, 122, 181, 223, 297, 336]",1.08,MLR,0.07,-0.27,-0.05,0.08
"[48, 54, 59, 114, 154, 263, 328, 355]",1.48,MLR,0.26,-0.13,-1.64,-1.21
"[48, 68, 72, 101, 161, 225, 265, 292, 335]",1.85,MLR,0.16,-0.24,-3.07,-2.34
"[32, 214, 244, 262, 313]",0.97,MLR,0.28,-0.12,-0.0,-0.1
"[63, 113, 119, 171, 197, 317]",1.15,MLR,0.44,0.16,-1.19,-0.69
"[19, 29, 43, 115, 132, 280, 328]",1.29,MLR,0.12,-0.19,-0.96,-0.99
"[7, 103, 188, 200, 330, 341]",1.13,MLR,0.21,-0.01,-0.77,-0.68
"[81, 108, 185, 276, 332, 347, 358]",1.25,MLR,0.1,-0.69,0.11,-0.23
"[27, 39, 99, 142, 222, 238, 259, 352]",1.16,MLR,0.19,-0.1,0.06,-0.02
"[99, 126, 153, 166, 204, 315, 317]",1.11,MLR,0.19,-0.25,0.17,-0.01
"[105, 117, 121, 242, 263, 317, 372]",1.24,MLR,0.18,-0.34,-0.4,-0.08
"[4, 10, 116, 126, 207, 228, 241, 264]",1.44,MLR,0.31,-0.55,-0.69,-0.88
"[216, 267, 289, 341, 342, 346]",1.06,MLR,0.2,-0.1,-0.18,0.1
"[257, 268, 270, 276, 363]",0.92,MLR,0.22,-0.01,0.08,-0.26
"[31, 61, 111, 121, 128, 195]",1.11,MLR,0.23,-0.02,-0.65,-1.13
"[88, 99, 152, 235, 299]",0.92,MLR,0.31,0.15,-0.17,0.04
"[95, 156, 243]",0.82,MLR,0.19,-0.03,0.08,0.21
"[18, 70, 80, 157, 179, 195, 197, 313, 355, 381]",1.42,MLR,0.42,-0.09,-0.29,-0.19
"[4, 26, 37, 153, 154, 263, 308, 370, 375]",1.26,MLR,0.25,-0.07,-0.04,0.02
"[84, 119, 120, 142, 175, 191, 230, 259]",1.25,MLR,0.27,-0.03,-0.49,-0.76
"[92, 143, 178, 231, 271, 308, 316]",1.08,MLR,0.2,-0.12,0.11,0.17
"[244, 252, 301, 349]",0.9,MLR,0.1,-0.13,0.07,0.06
"[82, 85, 136, 211]",0.94,MLR,0.08,-0.1,-0.23,-0.25
"[47, 100, 202, 288, 297, 332]",1.11,MLR,0.03,-0.36,-0.05,-0.22
"[90, 309, 357, 374]",0.92,MLR,0.03,-0.19,0.03,-0.11
"[65, 70, 155, 200, 213, 252, 267, 338, 367]",1.31,MLR,0.4,0.07,-0.5,-0.24
"[29, 33, 63, 382]",1.03,MLR,0.12,-0.21,-0.63,-1.13
"[39, 44, 142, 239, 371]",0.97,MLR,0.1,-0.1,-0.03,-0.01
"[1, 34, 40, 72, 160, 177, 190, 203, 245, 251, 286, 350]",6.33,MLR,0.34,-0.44,-41.68,-441.56
"[18, 48, 145, 224, 312]",0.96,MLR,0.09,-0.1,0.01,0.07
"[3, 67, 100, 166, 230, 319, 347]",1.23,MLR,0.14,-0.25,-0.48,-1.14
"[41, 96, 142, 155, 175, 220, 302, 318]",1.12,MLR,0.22,-0.07,0.19,-0.18
"[60, 179, 191, 222, 335, 372]",1.19,MLR,0.16,-0.29,-0.64,-0.69
"[44, 129, 222, 252, 260, 301]",1.01,MLR,0.3,-0.1,0.08,-0.41
"[11, 168, 202, 207, 252, 341]",1.11,MLR,0.07,-0.38,-0.02,-0.27
"[9, 17, 66, 68, 95, 98, 161, 177, 185, 355]",1.73,MLR,0.32,-0.07,-1.82,-1.84
"[132, 166, 329, 333]",0.96,MLR,0.06,-0.34,0.06,-0.07
"[44, 55, 95, 186, 263, 343]",1.05,MLR,0.3,-0.27,0.12,0.24
"[9, 43, 74, 111, 360]",1.13,MLR,0.14,-0.13,-1.03,-3.97
"[46, 89, 320, 366]",0.95,MLR,0.06,-0.19,-0.13,-0.23
"[23, 35, 63, 179, 289]",1.07,MLR,0.18,-0.12,-0.61,-0.54
"[24, 61, 240, 243, 247, 257]",1.0,MLR,0.23,-0.03,0.04,-0.37
"[204, 263, 341, 344]",0.91,MLR,0.12,-0.09,-0.04,0.23
"[23, 85, 102, 184, 197, 315, 354, 383]",1.25,MLR,0.21,-0.21,-0.21,0.17
"[31, 182, 201]",0.92,MLR,0.2,0.09,-0.81,-0.72
"[41, 100, 305, 323, 345]",1.05,MLR,0.09,-0.14,-0.46,-0.59
"[20, 63, 262, 281]",0.9,MLR,0.27,0.01,-0.17,-0.23
"[121, 155, 172, 197]",0.89,MLR,0.08,-0.09,0.04,-0.08
"[74, 84, 198, 375]",0.91,MLR,0.21,0.0,-0.22,-0.33
"[55, 338, 375]",0.89,MLR,0.11,-0.04,-0.38,-0.54
"[51, 115, 123]",0.86,MLR,0.02,-0.15,0.0,-0.06
"[101, 120, 125, 197, 201, 281, 374]",1.5,MLR,0.17,-0.89,-1.18,-0.3
"[146, 203, 243]",0.87,MLR,-0.01,-0.2,0.03,-0.19
"[4, 6, 29, 62, 87, 107]",1.12,MLR,0.16,-0.2,-0.37,-0.39
"[1, 99, 250, 290]",0.89,MLR,0.15,-0.17,0.2,-0.16
"[23, 148, 214, 234, 238, 282, 318, 355]",1.3,MLR,0.23,-0.05,-0.73,-0.95
"[87, 130, 169, 233, 298, 311, 357]",1.27,MLR,0.14,-0.19,-0.83,-0.77
"[11, 20, 90, 180, 286, 344, 360]",1.2,MLR,0.06,-0.33,-0.19,-0.32
"[1, 7, 17, 54, 324, 365]",1.3,MLR,0.1,-0.16,-1.62,-1.58
"[27, 139, 163]",0.88,MLR,0.03,-0.11,-0.2,-0.32
"[59, 190, 215, 304, 333]",1.06,MLR,0.04,-0.29,-0.33,-0.41
"[16, 294, 328]",0.88,MLR,0.11,-0.02,-0.37,-0.03
"[133, 235, 276, 282, 299]",1.07,MLR,0.09,-0.17,-0.55,-0.69
"[35, 103, 116, 144, 211, 314, 359, 371]",1.3,MLR,0.13,-0.15,-0.54,-0.61
"[52, 65, 104, 161, 172, 342]",1.05,MLR,0.11,-0.12,-0.1,-0.19
"[69, 104, 216, 220, 262, 274, 321, 355, 379]",1.38,MLR,0.41,0.01,-0.73,0.03
"[8, 15, 65, 123, 194, 376]",1.16,MLR,0.13,-0.13,-0.72,-0.68
"[135, 190, 312, 374]",0.88,MLR,0.14,-0.02,-0.0,-0.04
"[13, 71, 143, 163, 228, 292, 363]",1.17,MLR,0.05,-0.32,-0.04,0.02
"[1, 51, 87, 111, 236, 284, 322]",1.25,MLR,0.16,-0.37,-0.4,-0.82
"[10, 58, 72, 127, 241, 291, 350]",1.09,MLR,0.15,-0.13,0.09,-0.65
"[111, 127, 184, 303, 348]",1.04,MLR,0.15,-0.19,-0.32,-0.99
"[6, 25, 51, 164]",0.96,MLR,0.32,0.05,-0.62,-0.54
"[41, 123, 151, 236, 279, 314]",1.07,MLR,0.09,-0.16,-0.17,0.08
"[138, 182, 191, 343, 367]",0.95,MLR,0.22,0.0,-0.1,-0.02
"[44, 58, 94, 100, 151, 206, 238, 377]",1.43,MLR,0.15,-0.2,-1.21,-0.7
"[42, 75, 106, 117, 208, 239, 246, 280]",1.36,MLR,0.12,-0.23,-0.73,-0.83
"[106, 159, 348]",0.85,MLR,0.03,-0.13,0.02,-0.04
"[33, 114, 139, 210, 231, 357]",1.21,MLR,0.21,-0.08,-1.17,-1.58
"[19, 21, 63, 220, 228, 232, 247, 326, 342, 382]",1.67,MLR,0.25,-0.09,-1.48,-1.52
"[27, 183, 194, 234, 285, 317, 320, 353, 354]",2.35,MLR,0.08,-0.58,-6.2,-6.69
"[83, 217, 231, 243, 266]",0.98,MLR,0.09,-0.13,-0.07,-0.15
"[2, 43, 135, 150, 167, 234]",0.95,MLR,0.27,-0.02,0.25,0.14
"[0, 50, 132, 143, 188, 209, 225, 289, 312, 354]",1.84,MLR,0.22,-0.34,-1.98,-2.59
"[41, 85, 124, 187]",0.96,MLR,0.05,-0.31,-0.03,0.04
"[190, 254, 284, 289, 305, 377]",1.41,MLR,0.02,-1.69,0.11,0.13
"[15, 22, 101, 198, 271, 372]",1.42,MLR,0.21,-1.4,-0.42,0.08
"[218, 262, 321]",0.78,MLR,0.24,0.1,0.13,0.18
"[15, 62, 221, 238, 241, 258, 290, 368, 378]",1.42,MLR,0.23,-0.06,-0.82,-0.37
"[48, 78, 101, 310, 366]",1.14,MLR,0.09,-0.3,-0.81,-0.43
"[46, 53, 179, 197]",1.05,MLR,0.12,-0.14,-0.92,-0.84
"[124, 189, 190, 341]",0.94,MLR,0.01,-0.27,0.05,0.03
"[1, 53, 133, 134, 167, 195, 255]",1.13,MLR,0.23,-0.05,-0.28,-0.25
"[36, 47, 75, 148, 283, 308, 372]",1.28,MLR,0.17,-0.17,-0.9,-0.21
"[0, 54, 88, 153, 181, 185, 226, 265, 321]",1.66,MLR,0.38,-0.04,-2.16,-2.32
"[33, 49, 75, 110, 284, 331, 353, 371]",1.63,MLR,0.35,0.0,-2.8,-3.1
"[4, 16, 66, 163, 298, 350, 356, 373, 379]",1.41,MLR,0.32,-0.02,-0.85,-0.15
"[76, 142, 265, 276]",0.91,MLR,0.07,-0.13,0.03,-0.01
"[43, 184, 222, 223, 297]",1.4,MLR,0.07,-1.98,-0.01,0.05
"[23, 106, 112, 337]",0.92,MLR,0.03,-0.19,0.05,-0.14
"[46, 159, 195, 231, 366, 369, 373]",1.17,MLR,0.27,0.02,-0.62,-0.29
"[66, 173, 175, 217, 239, 297, 342, 374]",1.21,MLR,0.18,-0.2,0.01,-0.09
"[2, 9, 81, 198, 323, 368]",1.08,MLR,0.09,-0.23,-0.11,-0.29
"[13, 189, 276, 329]",1.01,MLR,0.02,-0.6,0.15,0.14
"[18, 81, 96, 156, 249, 286, 357, 374]",1.2,MLR,0.36,0.14,-0.53,-0.3
"[30, 31, 74, 140, 288, 310, 384]",1.14,MLR,0.21,-0.01,-0.39,-0.23
"[183, 194, 221, 269]",0.86,MLR,0.21,-0.04,0.18,0.33
"[44, 84, 204]",0.86,MLR,0.09,-0.13,-0.04,-0.08
"[87, 131, 135, 163, 184, 290, 381]",1.13,MLR,0.12,-0.17,-0.07,-0.17
"[21, 209, 219, 229, 286, 308, 380]",1.16,MLR,0.12,-0.21,-0.15,-0.27
"[29, 71, 103, 251, 326, 346]",3.28,MLR,0.25,-0.12,-26.28,-279.95
"[46, 143, 157, 185, 218, 241, 384]",1.18,MLR,0.18,-0.2,-0.26,-0.17
"[19, 41, 202, 217, 246, 252, 313]",1.02,MLR,0.17,0.02,0.2,-0.68
"[38, 44, 61, 217, 361, 378]",1.01,MLR,0.18,-0.06,0.02,-0.11
"[88, 113, 129, 167, 177, 261, 292, 373]",1.49,MLR,0.33,-0.11,-1.68,-1.17
"[7, 43, 153, 344, 345]",1.01,MLR,0.21,0.04,-0.51,-0.39
"[198, 266, 297, 331]",0.94,MLR,0.34,-0.01,-0.42,-0.41
"[31, 33, 84, 89, 96, 160, 308, 347]",1.21,MLR,0.32,-0.05,-0.25,-1.32
"[26, 89, 210, 244, 296, 297]",1.02,MLR,0.2,-0.13,0.1,0.33
"[50, 92, 219, 227, 233, 286, 373, 381]",1.29,MLR,0.12,-0.24,-0.37,-0.27
"[78, 175, 310]",0.88,MLR,0.14,-0.02,-0.32,-0.34
"[114, 178, 202, 225, 229, 342]",1.1,MLR,0.09,-0.18,-0.31,-0.56
"[55, 112, 115, 131, 160, 201]",1.08,MLR,0.11,-0.17,-0.16,-0.37
"[26, 83, 110, 239, 243, 265, 314]",1.66,MLR,0.15,-2.17,-0.22,-0.05
"[8, 36, 38, 89, 96, 149, 176, 190, 357]",2.58,MLR,0.13,-5.39,-0.14,-0.22
"[67, 108, 195, 323]",0.95,MLR,0.07,-0.16,-0.22,-0.11
"[11, 33, 160, 249, 271, 314]",1.12,MLR,0.27,-0.0,-0.7,-0.78
"[27, 43, 68, 207, 376]",0.99,MLR,0.07,-0.21,0.01,-0.07
"[0, 222, 305]",0.87,MLR,0.07,-0.06,-0.18,-0.12
"[7, 185, 256, 284, 334]",1.03,MLR,0.13,-0.09,-0.43,-0.46
"[17, 24, 277]",0.85,MLR,0.13,0.01,-0.19,0.16
"[131, 182, 199, 315, 356]",1.14,MLR,0.14,-0.79,0.01,-0.16
"[1, 14, 39, 46, 279, 287, 377]",1.21,MLR,0.12,-0.36,-0.21,0.1
"[16, 44, 183, 263, 317]",0.98,MLR,0.2,-0.01,-0.29,-0.43
"[47, 78, 94, 122, 163, 173, 178, 226, 227, 306, 319]",2.07,MLR,0.37,-1.79,0.01,-0.14
"[26, 48, 55, 105, 210, 304, 316, 320]",1.59,MLR,0.07,-1.25,-0.43,-0.44
"[40, 170, 205, 220, 235, 333, 335, 343, 352]",1.46,MLR,0.34,-0.41,-0.47,-0.33
"[20, 92, 167, 172, 181, 288, 298, 350]",1.13,MLR,0.24,-0.16,0.3,0.38
"[81, 109, 122, 145, 150, 152, 202, 210, 212, 298]",1.45,MLR,0.25,-0.25,-0.16,-0.17
"[56, 68, 155, 177, 247, 299, 311, 335]",1.31,MLR,0.33,0.12,-1.06,-0.67
"[25, 52, 126, 169, 335, 363]",1.2,MLR,0.18,-0.21,-0.83,-0.88
"[53, 71, 97, 252]",0.95,MLR,0.02,-0.16,-0.19,-0.09
"[56, 186, 379]",0.9,MLR,0.07,-0.16,-0.22,-0.1
"[71, 90, 136, 173, 241, 260, 291]",0.94,MLR,0.33,0.13,0.38,-1.42
"[47, 67, 77, 83, 106, 108, 165, 338]",1.31,MLR,0.21,-0.18,-0.55,-0.63
"[84, 99, 156, 172, 206]",0.95,MLR,0.24,-0.01,-0.08,0.09
"[89, 120, 135, 213, 331, 344]",1.1,MLR,0.15,-0.1,-0.41,-0.57
"[35, 85, 129, 175, 368]",0.93,MLR,0.13,-0.08,0.17,-0.43
"[0, 3, 4, 95, 166, 233, 321]",1.19,MLR,0.11,-0.48,0.11,-0.02
"[304, 337, 365]",0.86,MLR,0.01,-0.17,0.02,0.0
"[33, 43, 147, 295, 341, 367]",1.18,MLR,0.07,-0.55,-0.18,-0.51
"[172, 259, 286, 301, 302]",0.96,MLR,0.11,-0.13,0.05,-0.41
"[66, 69, 97, 107, 168, 204, 231, 245, 308, 326, 328, 352, 382]",2.17,MLR,0.39,-0.13,-1.6,-1.35
"[24, 52, 68, 146, 273, 283]",1.23,MLR,0.14,-0.28,-0.96,-0.19
"[121, 161, 181, 280, 320, 368]",1.11,MLR,0.12,-0.17,-0.37,-0.65
"[1, 137, 138, 140, 250, 318, 322, 341]",1.23,MLR,0.29,-0.04,-0.37,-0.31
"[0, 79, 245, 281, 329, 351, 379]",1.28,MLR,0.22,-0.01,-1.16,-1.24
"[199, 253, 383]",0.96,MLR,0.14,-0.29,-0.48,-1.38
"[51, 77, 259, 279, 302, 343, 377]",1.12,MLR,0.12,-0.28,0.15,-0.28
"[84, 85, 118, 228, 239, 322, 375, 380]",1.27,MLR,0.22,-0.1,-0.46,-0.45
"[49, 118, 169, 220, 308, 310, 338]",1.19,MLR,0.15,-0.14,-0.46,-0.53
"[21, 171, 280, 383]",0.86,MLR,0.21,0.06,0.02,0.24
"[132, 252, 266, 267]",0.92,MLR,0.14,-0.17,0.01,0.13
"[75, 77, 85, 186, 274, 309, 347]",1.38,MLR,0.28,-0.65,-0.72,-0.64
"[23, 69, 141]",0.88,MLR,0.28,0.2,-0.68,-0.14
"[33, 85, 172, 182, 218, 264, 282, 309, 338, 339, 374]",1.87,MLR,0.46,-0.2,-1.6,-1.68
"[120, 218, 251, 312, 367]",2.64,MLR,0.12,-0.1,-18.55,-224.22
"[60, 63, 173, 176, 180, 188, 223, 227, 294, 350]",1.71,MLR,0.53,0.08,-1.96,-1.17
